BEGIN TRANSACTION;
DROP TABLE IF EXISTS "comment_result";
DROP TABLE IF EXISTS "comments";
DROP TABLE IF EXISTS "results";
DROP TABLE IF EXISTS "evaluation_teacher";
DROP TABLE IF EXISTS "evaluations";
DROP TABLE IF EXISTS "parameters";
DROP TABLE IF EXISTS "group_student";
DROP TABLE IF EXISTS "groups";
DROP TABLE IF EXISTS "course_semester";
DROP TABLE IF EXISTS "semesters";
DROP TABLE IF EXISTS "students";
DROP TABLE IF EXISTS "teachers";
DROP TABLE IF EXISTS "courses";
DROP TABLE IF EXISTS "departments";
DROP TABLE IF EXISTS "schools";
DROP TABLE IF EXISTS "users";
CREATE TABLE IF NOT EXISTS "users" (
	"id"	INTEGER NOT NULL,
	"name"	varchar(255) DEFAULT NULL,
	"email"	varchar(191) NOT NULL,
	"email_verified_at"	timestamp NULL,
	"password"	varchar(255) NOT NULL,
	"role"	int NOT NULL DEFAULT '1',
	"remember_token"	varchar(100) DEFAULT NULL,
	"created_at"	timestamp DEFAULT current_timestamp,
	"updated_at"	timestamp DEFAULT current_timestamp,
	PRIMARY KEY("id" AUTOINCREMENT)
);
CREATE TABLE IF NOT EXISTS "schools" (
	"id"	INTEGER NOT NULL,
	"name"	varchar(255) NOT NULL,
	"abbr"	varchar(255) NOT NULL,
	"slug"	varchar(255) NOT NULL,
	"address"	varchar(255) DEFAULT NULL,
	"created_at"	timestamp DEFAULT current_timestamp,
	"updated_at"	timestamp DEFAULT current_timestamp,
	PRIMARY KEY("id" AUTOINCREMENT)
);
CREATE TABLE IF NOT EXISTS "departments" (
	"id"	INTEGER NOT NULL,
	"code"	varchar(255) NOT NULL,
	"name"	varchar(255) NOT NULL,
	"abbr"	varchar(255) NOT NULL,
	"slug"	varchar(255) NOT NULL,
	"school_id"	INTEGER NOT NULL,
	"created_at"	timestamp DEFAULT current_timestamp,
	"updated_at"	timestamp DEFAULT current_timestamp,
	FOREIGN KEY("school_id") REFERENCES "schools"("id") ON DELETE CASCADE,
	PRIMARY KEY("id" AUTOINCREMENT)
);
CREATE TABLE IF NOT EXISTS "courses" (
	"id"	INTEGER NOT NULL,
	"code"	varchar(255) NOT NULL,
	"title"	varchar(255) NOT NULL,
	"abbr"	varchar(255) NOT NULL,
	"slug"	varchar(255) NOT NULL,
	"department_id"	INTEGER NOT NULL,
	"created_at"	timestamp DEFAULT current_timestamp,
	"updated_at"	timestamp DEFAULT current_timestamp,
	FOREIGN KEY("department_id") REFERENCES "departments"("id") ON DELETE CASCADE,
	PRIMARY KEY("id" AUTOINCREMENT)
);
CREATE TABLE IF NOT EXISTS "teachers" (
	"id"	INTEGER NOT NULL,
	"code"	varchar(255) NOT NULL,
	"first_name"	varchar(255) NOT NULL,
	"last_name"	NUMERIC NOT NULL,
	"slug"	varchar(255) NOT NULL,
	"address"	varchar(255) NOT NULL,
	"user_id"	INTEGER NOT NULL,
	"department_id"	INTEGER NOT NULL,
	"created_at"	timestamp DEFAULT current_timestamp,
	"updated_at"	timestamp DEFAULT current_timestamp,
	FOREIGN KEY("department_id") REFERENCES "departments"("id") ON DELETE CASCADE,
	FOREIGN KEY("user_id") REFERENCES "users"("id") ON DELETE CASCADE,
	PRIMARY KEY("id" AUTOINCREMENT)
);
CREATE TABLE IF NOT EXISTS "students" (
	"id"	integer NOT NULL,
	"code"	varchar(255) NOT NULL CHECK("code" REGEXP '^[a-z][0-9]{7}$'),
	"first_name"	varchar(255) NOT NULL,
	"last_name"	varchar(255) NOT NULL,
	"slug"	varchar(255) NOT NULL,
	"address"	varchar(255) NOT NULL,
	"user_id"	INTEGER NOT NULL,
	"department_id"	INTEGER NOT NULL,
	"created_at"	timestamp DEFAULT current_timestamp,
	"updated_at"	timestamp DEFAULT current_timestamp,
	FOREIGN KEY("user_id") REFERENCES "users"("id") ON DELETE CASCADE,
	FOREIGN KEY("department_id") REFERENCES "departments"("id") ON DELETE CASCADE,
	PRIMARY KEY("id" AUTOINCREMENT)
);
CREATE TABLE IF NOT EXISTS "semesters" (
	"id"	INTEGER NOT NULL,
	"year"	int UNSIGNED NOT NULL,
	"label"	varchar(255) NOT NULL,
	"abbr"	varchar(255) NOT NULL,
	"school_id"	INTEGER NOT NULL,
	"created_at"	timestamp DEFAULT current_timestamp,
	"updated_at"	timestamp DEFAULT current_timestamp,
	FOREIGN KEY("school_id") REFERENCES "schools"("id") ON DELETE CASCADE,
	PRIMARY KEY("id" AUTOINCREMENT)
);
CREATE TABLE IF NOT EXISTS "course_semester" (
	"id"	INTEGER NOT NULL,
	"course_id"	INTEGER NOT NULL,
	"semester_id"	INTEGER NOT NULL,
	"created_at"	timestamp DEFAULT current_timestamp,
	"updated_at"	timestamp DEFAULT current_timestamp,
	FOREIGN KEY("course_id") REFERENCES "courses"("id") ON DELETE CASCADE,
	FOREIGN KEY("semester_id") REFERENCES "semesters"("id") ON DELETE CASCADE,
	PRIMARY KEY("id" AUTOINCREMENT)
);
CREATE TABLE IF NOT EXISTS "groups" (
	"id"	INTEGER NOT NULL,
	"number"	int UNSIGNED NOT NULL,
	"schedule"	varchar(255) NOT NULL,
	"teacher_id"	INTEGER DEFAULT NULL,
	"course_semester_id"	INTEGER NOT NULL,
	"created_at"	timestamp DEFAULT current_timestamp,
	"updated_at"	timestamp DEFAULT current_timestamp,
	FOREIGN KEY("teacher_id") REFERENCES "teachers"("id") ON DELETE CASCADE,
	FOREIGN KEY("course_semester_id") REFERENCES "course_semester"("id") ON DELETE CASCADE,
	PRIMARY KEY("id" AUTOINCREMENT)
);
CREATE TABLE IF NOT EXISTS "group_student" (
	"id"	INTEGER NOT NULL,
	"group_id"	INTEGER NOT NULL,
	"student_id"	INTEGER NOT NULL,
	"created_at"	timestamp DEFAULT current_timestamp,
	"updated_at"	timestamp DEFAULT current_timestamp,
	FOREIGN KEY("group_id") REFERENCES "groups"("id") ON DELETE CASCADE,
	FOREIGN KEY("student_id") REFERENCES "students"("id") ON DELETE CASCADE,
	PRIMARY KEY("id" AUTOINCREMENT)
);
CREATE TABLE IF NOT EXISTS "parameters" (
	"id"	INTEGER NOT NULL,
	"parent_id"	INTEGER DEFAULT NULL,
	"wording"	varchar(255) NOT NULL,
	"description"	text NOT NULL,
	"uuid"	varchar(255) NOT NULL,
	"helpers"	varchar(255) NOT NULL DEFAULT '',
	"value"	decimal(8, 2) DEFAULT NULL,
	"created_at"	timestamp DEFAULT current_timestamp,
	"updated_at"	timestamp DEFAULT current_timestamp,
	FOREIGN KEY("parent_id") REFERENCES "parameters"("id") ON DELETE CASCADE,
	PRIMARY KEY("id" AUTOINCREMENT)
);
CREATE TABLE IF NOT EXISTS "evaluations" (
	"id"	INTEGER NOT NULL,
	"title"	varchar(255) NOT NULL,
	"description"	text,
	"course_id"	INTEGER DEFAULT NULL,
	"teacher_id"	INTEGER DEFAULT NULL,
	"parameter_id"	INTEGER DEFAULT NULL,
	"created_at"	timestamp DEFAULT current_timestamp,
	"updated_at"	timestamp DEFAULT current_timestamp,
	FOREIGN KEY("course_id") REFERENCES "courses"("id") ON DELETE CASCADE,
	FOREIGN KEY("teacher_id") REFERENCES "teachers"("id") ON DELETE SET NULL,
	FOREIGN KEY("parameter_id") REFERENCES "parameters"("id") ON DELETE CASCADE,
	PRIMARY KEY("id" AUTOINCREMENT)
);
CREATE TABLE IF NOT EXISTS "evaluation_teacher" (
	"id"	INTEGER NOT NULL,
	"evaluation_id"	INTEGER NOT NULL,
	"teacher_id"	INTEGER NOT NULL,
	"role"	int NOT NULL DEFAULT '1',
	"created_at"	timestamp DEFAULT current_timestamp,
	"updated_at"	timestamp DEFAULT current_timestamp,
	FOREIGN KEY("evaluation_id") REFERENCES "evaluations"("id") ON DELETE CASCADE,
	FOREIGN KEY("teacher_id") REFERENCES "teachers"("id") ON DELETE CASCADE,
	PRIMARY KEY("id" AUTOINCREMENT)
);
CREATE TABLE IF NOT EXISTS "results" (
	"id"	INTEGER NOT NULL,
	"parameter_id"	INTEGER NOT NULL,
	"student_id"	INTEGER NOT NULL,
	"value"	decimal(8, 2) DEFAULT NULL,
	"helpers"	varchar(255) DEFAULT NULL,
	"created_at"	timestamp DEFAULT current_timestamp,
	"updated_at"	timestamp DEFAULT current_timestamp,
	FOREIGN KEY("parameter_id") REFERENCES "parameters"("id") ON DELETE SET NULL,
	FOREIGN KEY("student_id") REFERENCES "students"("id") ON DELETE CASCADE,
	PRIMARY KEY("id" AUTOINCREMENT)
);
CREATE TABLE IF NOT EXISTS "comments" (
	"id"	INTEGER NOT NULL,
	"wording"	varchar(255) NOT NULL,
	"abbr"	varchar(255) DEFAULT NULL,
	"details"	text,
	"parameter_id"	INTEGER NOT NULL,
	"value"	decimal(8, 2) DEFAULT NULL,
	"relative"	tinyint(1) NOT NULL DEFAULT '1',
	"proportional"	tinyint(1) NOT NULL DEFAULT '0',
	"created_at"	timestamp DEFAULT current_timestamp,
	"updated_at"	timestamp DEFAULT current_timestamp,
	FOREIGN KEY("parameter_id") REFERENCES "parameters"("id") ON DELETE CASCADE,
	PRIMARY KEY("id" AUTOINCREMENT)
);
CREATE TABLE IF NOT EXISTS "comment_result" (
	"id"	INTEGER NOT NULL,
	"comment_id"	INTEGER NOT NULL,
	"result_id"	INTEGER NOT NULL,
	"special_value"	decimal(8, 2) DEFAULT NULL,
	"created_at"	timestamp DEFAULT current_timestamp,
	"updated_at"	timestamp DEFAULT current_timestamp,
	FOREIGN KEY("result_id") REFERENCES "results"("id") ON DELETE CASCADE,
	FOREIGN KEY("comment_id") REFERENCES "comments"("id") ON DELETE CASCADE,
	PRIMARY KEY("id" AUTOINCREMENT)
);
DROP INDEX IF EXISTS "comment_result_primary_key";
CREATE UNIQUE INDEX IF NOT EXISTS "primary_key" ON "comment_result" (
	"comment_id",
	"result_id"
);
DROP INDEX IF EXISTS "evaluation_teacher_primary_key";
CREATE UNIQUE INDEX IF NOT EXISTS "primary_key" ON "evaluation_teacher" (
	"evaluation_id",
	"teacher_id"
);
DROP INDEX IF EXISTS "group_student_primary_key";
CREATE UNIQUE INDEX IF NOT EXISTS "primary_key" ON "group_student" (
	"group_id",
	"student_id"
);
DROP INDEX IF EXISTS "course_semester_primary_key";
CREATE UNIQUE INDEX IF NOT EXISTS "course_semester_primary_key" ON "course_semester" (
	"course_id",
	"semester_id"
);
DROP VIEW IF EXISTS "users__index";
CREATE VIEW users__index as
select id, name, email, role from users order by name;
INSERT INTO "users" ("id","name","email","email_verified_at","password","role","remember_token","created_at","updated_at") VALUES
 (1,'Admin','admin@test.com',NULL,'$2y$10$fNq0FVhg6Z3w9QTD8KiVfOGQz.kG8eZdqLgl.QH9Bm3u9cXyCEADe',2,NULL,'2023-06-03 17:32:31','2023-06-03 17:32:31'),
 (2,'User','user@test.com',NULL,'$2y$10$yYECmIZd1M.n4UY1vAnYuOC/SBXceGvavtLP.A2sQzBQ5DXa/Di3i',1,NULL,'2023-06-03 17:32:31','2023-06-03 17:32:31'),
 (3,'Gabrielle Tardif','gabriellet@mysite.com','2023-06-03 17:32:32','$2y$10$92IXUNpkjO0rOQ5byMi.Ye4oKoEa3Ro9llC/.og/at2.uheWG/igi',1,'2kDhccyi3w','2023-06-03 17:32:32','2023-06-03 17:32:32'),
 (4,'Catherine Gauthier','gauthier-catherine@aol.com','2023-06-03 17:32:32','$2y$10$92IXUNpkjO0rOQ5byMi.Ye4oKoEa3Ro9llC/.og/at2.uheWG/igi',1,'KPNdSJzd0w','2023-06-03 17:32:32','2023-06-03 17:32:32'),
 (5,'Benjamin Lapierre','benjaminlapierre@test.com','2023-06-03 17:32:32','$2y$10$92IXUNpkjO0rOQ5byMi.Ye4oKoEa3Ro9llC/.og/at2.uheWG/igi',1,'jj6KZ2F6mi','2023-06-03 17:32:32','2023-06-03 17:32:32'),
 (6,'Monique Mercier','mercier-monique@mysite.com','2023-06-03 17:32:32','$2y$10$92IXUNpkjO0rOQ5byMi.Ye4oKoEa3Ro9llC/.og/at2.uheWG/igi',1,'e6XmGbLrN8','2023-06-03 17:32:32','2023-06-03 17:32:32'),
 (7,'Zacharie Langlois','langloiszacharie@hotmail.com','2023-06-03 17:32:32','$2y$10$92IXUNpkjO0rOQ5byMi.Ye4oKoEa3Ro9llC/.og/at2.uheWG/igi',1,'Zdhw1nXEIW','2023-06-03 17:32:32','2023-06-03 17:32:32'),
 (8,'Martin Dubé','martindube@fakedomain.com','2023-06-03 17:32:32','$2y$10$92IXUNpkjO0rOQ5byMi.Ye4oKoEa3Ro9llC/.og/at2.uheWG/igi',1,'Pah3ooJ4qe','2023-06-03 17:32:32','2023-06-03 17:32:32'),
 (9,'Dominic Allard','allard-dominic@hotmail.com','2023-06-03 17:32:32','$2y$10$92IXUNpkjO0rOQ5byMi.Ye4oKoEa3Ro9llC/.og/at2.uheWG/igi',1,'hGCS1gBN6p','2023-06-03 17:32:32','2023-06-03 17:32:32'),
 (10,'Guillaume Thériault','tguillaume@fakedomain.com','2023-06-03 17:32:32','$2y$10$92IXUNpkjO0rOQ5byMi.Ye4oKoEa3Ro9llC/.og/at2.uheWG/igi',1,'wWRdwqIH9e','2023-06-03 17:32:32','2023-06-03 17:32:32'),
 (11,'Frédérique Thibault','thibaultfrederique@outlook.com','2023-06-03 17:32:32','$2y$10$92IXUNpkjO0rOQ5byMi.Ye4oKoEa3Ro9llC/.og/at2.uheWG/igi',1,'sIEVn1uyds','2023-06-03 17:32:32','2023-06-03 17:32:32'),
 (12,'Antoine Lalonde','lantoine@gmail.com','2023-06-03 17:32:32','$2y$10$92IXUNpkjO0rOQ5byMi.Ye4oKoEa3Ro9llC/.og/at2.uheWG/igi',1,'hjDt6rEw6j','2023-06-03 17:32:32','2023-06-03 17:32:32'),
 (13,'Chantal Bouchard','bouchardchantal@test.com','2023-06-03 17:32:32','$2y$10$92IXUNpkjO0rOQ5byMi.Ye4oKoEa3Ro9llC/.og/at2.uheWG/igi',1,'CLuXb77luq','2023-06-03 17:32:32','2023-06-03 17:32:32'),
 (14,'Yvon Lauzon','lauzony@aol.com','2023-06-03 17:32:32','$2y$10$92IXUNpkjO0rOQ5byMi.Ye4oKoEa3Ro9llC/.og/at2.uheWG/igi',1,'HBNpBXVGJ2','2023-06-03 17:32:32','2023-06-03 17:32:32'),
 (15,'Paul Guay','guaypaul@hotmail.com','2023-06-03 17:32:32','$2y$10$92IXUNpkjO0rOQ5byMi.Ye4oKoEa3Ro9llC/.og/at2.uheWG/igi',1,'RuYLJUcsUT','2023-06-03 17:32:32','2023-06-03 17:32:32'),
 (16,'Xavier Dubois','duboisxavier@example.com','2023-06-03 17:32:32','$2y$10$92IXUNpkjO0rOQ5byMi.Ye4oKoEa3Ro9llC/.og/at2.uheWG/igi',1,'msSsqIV5jD','2023-06-03 17:32:32','2023-06-03 17:32:32'),
 (17,'Joséphine Lapointe','josephinel@fakedomain.com','2023-06-03 17:32:32','$2y$10$92IXUNpkjO0rOQ5byMi.Ye4oKoEa3Ro9llC/.og/at2.uheWG/igi',1,'Y5KPjGXgbt','2023-06-03 17:32:32','2023-06-03 17:32:32'),
 (18,'Anthony Beaudoin','anthony-beaudoin@mail.com','2023-06-03 17:32:32','$2y$10$92IXUNpkjO0rOQ5byMi.Ye4oKoEa3Ro9llC/.og/at2.uheWG/igi',1,'9TDH2MV9bG','2023-06-03 17:32:32','2023-06-03 17:32:32'),
 (19,'Céline Moreau','celinemoreau@mysite.com','2023-06-03 17:32:32','$2y$10$92IXUNpkjO0rOQ5byMi.Ye4oKoEa3Ro9llC/.og/at2.uheWG/igi',1,'FoYv3wwDmE','2023-06-03 17:32:32','2023-06-03 17:32:32'),
 (20,'Yvon Lacroix','ylacroix@gmail.com','2023-06-03 17:32:32','$2y$10$92IXUNpkjO0rOQ5byMi.Ye4oKoEa3Ro9llC/.og/at2.uheWG/igi',1,'PUXXQcwKOQ','2023-06-03 17:32:32','2023-06-03 17:32:32'),
 (21,'Rémy Lachance','lachance-remy@gmail.com','2023-06-03 17:32:32','$2y$10$92IXUNpkjO0rOQ5byMi.Ye4oKoEa3Ro9llC/.og/at2.uheWG/igi',1,'DTTGb9xdeO','2023-06-03 17:32:32','2023-06-03 17:32:32'),
 (22,'Julien Picard','picardj@example.com','2023-06-03 17:32:32','$2y$10$92IXUNpkjO0rOQ5byMi.Ye4oKoEa3Ro9llC/.og/at2.uheWG/igi',1,'XeqOamSsCe','2023-06-03 17:32:32','2023-06-03 17:32:32'),
 (23,'Charlotte Perreault','perreaultc@fakedomain.com','2023-06-03 17:32:32','$2y$10$92IXUNpkjO0rOQ5byMi.Ye4oKoEa3Ro9llC/.og/at2.uheWG/igi',1,'DRwWbyN9t6','2023-06-03 17:32:32','2023-06-03 17:32:32'),
 (24,'Odette Trudel','todette@hotmail.com','2023-06-03 17:32:32','$2y$10$92IXUNpkjO0rOQ5byMi.Ye4oKoEa3Ro9llC/.og/at2.uheWG/igi',1,'LDdvEV6bmJ','2023-06-03 17:32:32','2023-06-03 17:32:32'),
 (25,'Marianne Boivin','marianneboivin@test.com','2023-06-03 17:32:32','$2y$10$92IXUNpkjO0rOQ5byMi.Ye4oKoEa3Ro9llC/.og/at2.uheWG/igi',1,'1socovnKHR','2023-06-03 17:32:32','2023-06-03 17:32:32'),
 (26,'Érika Fournier','erikafournier@mysite.com','2023-06-03 17:32:32','$2y$10$92IXUNpkjO0rOQ5byMi.Ye4oKoEa3Ro9llC/.og/at2.uheWG/igi',1,'xudX7mLVu5','2023-06-03 17:32:32','2023-06-03 17:32:32'),
 (27,'Valérie Trudel','vtrudel@gmail.com','2023-06-03 17:32:32','$2y$10$92IXUNpkjO0rOQ5byMi.Ye4oKoEa3Ro9llC/.og/at2.uheWG/igi',1,'zOZnwVG7St','2023-06-03 17:32:32','2023-06-03 17:32:32'),
 (28,'Philippe Bergeron','bphilippe@mail.com','2023-06-03 17:32:32','$2y$10$92IXUNpkjO0rOQ5byMi.Ye4oKoEa3Ro9llC/.og/at2.uheWG/igi',1,'GOL4s4BnDC','2023-06-03 17:32:32','2023-06-03 17:32:32'),
 (29,'Mathieu Pelletier','pelletiermathieu@mail.com','2023-06-03 17:32:32','$2y$10$92IXUNpkjO0rOQ5byMi.Ye4oKoEa3Ro9llC/.og/at2.uheWG/igi',1,'VdZRcFoKM4','2023-06-03 17:32:32','2023-06-03 17:32:32'),
 (30,'Victor Bernard','victorbernard@test.com','2023-06-03 17:32:32','$2y$10$92IXUNpkjO0rOQ5byMi.Ye4oKoEa3Ro9llC/.og/at2.uheWG/igi',1,'PQWFaSRilh','2023-06-03 17:32:32','2023-06-03 17:32:32'),
 (31,'Brigitte Proulx','bproulx@outlook.com','2023-06-03 17:32:32','$2y$10$92IXUNpkjO0rOQ5byMi.Ye4oKoEa3Ro9llC/.og/at2.uheWG/igi',1,'TgFsdZyVvo','2023-06-03 17:32:32','2023-06-03 17:32:32'),
 (32,'Vincent Beaudoin','beaudoinv@aol.com','2023-06-03 17:32:32','$2y$10$92IXUNpkjO0rOQ5byMi.Ye4oKoEa3Ro9llC/.og/at2.uheWG/igi',1,'na7aN4WAOv','2023-06-03 17:32:32','2023-06-03 17:32:32'),
 (33,'Monique Gosselin','gosselinmonique@mysite.com','2023-06-03 17:32:32','$2y$10$92IXUNpkjO0rOQ5byMi.Ye4oKoEa3Ro9llC/.og/at2.uheWG/igi',1,'icghIZuWRJ','2023-06-03 17:32:32','2023-06-03 17:32:32'),
 (34,'Martin Poirier','poirierm@mysite.com','2023-06-03 17:32:32','$2y$10$92IXUNpkjO0rOQ5byMi.Ye4oKoEa3Ro9llC/.og/at2.uheWG/igi',1,'16d5y6MFDp','2023-06-03 17:32:32','2023-06-03 17:32:32'),
 (35,'Virginie Michaud','virginiemichaud@hotmail.com','2023-06-03 17:32:32','$2y$10$92IXUNpkjO0rOQ5byMi.Ye4oKoEa3Ro9llC/.og/at2.uheWG/igi',1,'R9BrJmEdn6','2023-06-03 17:32:32','2023-06-03 17:32:32'),
 (36,'Virginie Beaulieu','virginiebeaulieu@aol.com','2023-06-03 17:32:32','$2y$10$92IXUNpkjO0rOQ5byMi.Ye4oKoEa3Ro9llC/.og/at2.uheWG/igi',1,'DzZrQyeY31','2023-06-03 17:32:32','2023-06-03 17:32:32'),
 (37,'Marianne Hébert','marianne-hebert@outlook.com','2023-06-03 17:32:32','$2y$10$92IXUNpkjO0rOQ5byMi.Ye4oKoEa3Ro9llC/.og/at2.uheWG/igi',1,'q7nQC5RHSN','2023-06-03 17:32:32','2023-06-03 17:32:32'),
 (38,'David Giroux','davidgiroux@mysite.com','2023-06-03 17:32:32','$2y$10$92IXUNpkjO0rOQ5byMi.Ye4oKoEa3Ro9llC/.og/at2.uheWG/igi',1,'TL2Dno2Sui','2023-06-03 17:32:32','2023-06-03 17:32:32'),
 (39,'Luc Cloutier','luccloutier@aol.com','2023-06-03 17:32:32','$2y$10$92IXUNpkjO0rOQ5byMi.Ye4oKoEa3Ro9llC/.og/at2.uheWG/igi',1,'x4obXMfB3I','2023-06-03 17:32:32','2023-06-03 17:32:32'),
 (40,'Paulette Simard','paulettes@gmail.com','2023-06-03 17:32:32','$2y$10$92IXUNpkjO0rOQ5byMi.Ye4oKoEa3Ro9llC/.og/at2.uheWG/igi',1,'q52iHHrOiX','2023-06-03 17:32:32','2023-06-03 17:32:32'),
 (41,'Alfred Lemay','lalfred@fakedomain.com','2023-06-03 17:32:32','$2y$10$92IXUNpkjO0rOQ5byMi.Ye4oKoEa3Ro9llC/.og/at2.uheWG/igi',1,'6zIoyfGskQ','2023-06-03 17:32:32','2023-06-03 17:32:32'),
 (42,'Patrice Lemay','lpatrice@yahoo.com','2023-06-03 17:32:32','$2y$10$92IXUNpkjO0rOQ5byMi.Ye4oKoEa3Ro9llC/.og/at2.uheWG/igi',1,'GHqwORRu1A','2023-06-03 17:32:32','2023-06-03 17:32:32'),
 (43,'Véronique Couture','coutureveronique@mail.com','2023-06-03 17:32:32','$2y$10$92IXUNpkjO0rOQ5byMi.Ye4oKoEa3Ro9llC/.og/at2.uheWG/igi',1,'Oeb6gI95Ne','2023-06-03 17:32:32','2023-06-03 17:32:32'),
 (44,'Renée Gauthier','renee-gauthier@mysite.com','2023-06-03 17:32:32','$2y$10$92IXUNpkjO0rOQ5byMi.Ye4oKoEa3Ro9llC/.og/at2.uheWG/igi',1,'JpPmsYDDDj','2023-06-03 17:32:32','2023-06-03 17:32:32'),
 (45,'Gilles Bertrand','gillesbertrand@gmail.com','2023-06-03 17:32:32','$2y$10$92IXUNpkjO0rOQ5byMi.Ye4oKoEa3Ro9llC/.og/at2.uheWG/igi',1,'dy6CpEfb7P','2023-06-03 17:32:32','2023-06-03 17:32:32'),
 (46,'Virginie Lachance','lachancev@aol.com','2023-06-03 17:32:32','$2y$10$92IXUNpkjO0rOQ5byMi.Ye4oKoEa3Ro9llC/.og/at2.uheWG/igi',1,'qQS6mdVpM3','2023-06-03 17:32:32','2023-06-03 17:32:32'),
 (47,'Léon Jean','leon-jean@fakedomain.com','2023-06-03 17:32:32','$2y$10$92IXUNpkjO0rOQ5byMi.Ye4oKoEa3Ro9llC/.og/at2.uheWG/igi',1,'YuM0oCkDua','2023-06-03 17:32:32','2023-06-03 17:32:32'),
 (48,'Jules Simard','julessimard@mail.com','2023-06-03 17:32:32','$2y$10$92IXUNpkjO0rOQ5byMi.Ye4oKoEa3Ro9llC/.og/at2.uheWG/igi',1,'Nvm30TNi9R','2023-06-03 17:32:32','2023-06-03 17:32:32'),
 (49,'Lucas Beaulieu','lucasb@example.com','2023-06-03 17:32:32','$2y$10$92IXUNpkjO0rOQ5byMi.Ye4oKoEa3Ro9llC/.og/at2.uheWG/igi',1,'4wKCl25cuw','2023-06-03 17:32:32','2023-06-03 17:32:32'),
 (50,'Étienne Landry','letienne@test.com','2023-06-03 17:32:32','$2y$10$92IXUNpkjO0rOQ5byMi.Ye4oKoEa3Ro9llC/.og/at2.uheWG/igi',1,'y6fTQ11Tw3','2023-06-03 17:32:32','2023-06-03 17:32:32'),
 (51,'Antoine St-Pierre','ast-pierre@gmail.com','2023-06-03 17:32:32','$2y$10$92IXUNpkjO0rOQ5byMi.Ye4oKoEa3Ro9llC/.og/at2.uheWG/igi',1,'PETgbk3S5n','2023-06-03 17:32:32','2023-06-03 17:32:32'),
 (52,'Théo Dupuis','dtheo@example.com','2023-06-03 17:32:32','$2y$10$92IXUNpkjO0rOQ5byMi.Ye4oKoEa3Ro9llC/.og/at2.uheWG/igi',1,'7hQrJpTePG','2023-06-03 17:32:32','2023-06-03 17:32:32'),
 (53,'Charles Boisvert','charlesboisvert@test.com','2023-06-03 17:32:32','$2y$10$92IXUNpkjO0rOQ5byMi.Ye4oKoEa3Ro9llC/.og/at2.uheWG/igi',1,'uDKRvclJk0','2023-06-03 17:32:32','2023-06-03 17:32:32'),
 (54,'Jeannine St-Pierre','jeannine-st-pierre@outlook.com','2023-06-03 17:32:32','$2y$10$92IXUNpkjO0rOQ5byMi.Ye4oKoEa3Ro9llC/.og/at2.uheWG/igi',1,'yVGFP6EbAa','2023-06-03 17:32:32','2023-06-03 17:32:32'),
 (55,'Patrick Beaulieu','beaulieupatrick@yahoo.com','2023-06-03 17:32:32','$2y$10$92IXUNpkjO0rOQ5byMi.Ye4oKoEa3Ro9llC/.og/at2.uheWG/igi',1,'DzDqEojG5J','2023-06-03 17:32:32','2023-06-03 17:32:32'),
 (56,'Brigitte Richard','richardbrigitte@mail.com','2023-06-03 17:32:32','$2y$10$92IXUNpkjO0rOQ5byMi.Ye4oKoEa3Ro9llC/.og/at2.uheWG/igi',1,'6OShNO3JMp','2023-06-03 17:32:32','2023-06-03 17:32:32'),
 (57,'Cécile Bergeron','bcecile@aol.com','2023-06-03 17:32:32','$2y$10$92IXUNpkjO0rOQ5byMi.Ye4oKoEa3Ro9llC/.og/at2.uheWG/igi',1,'9s7etSOEOL','2023-06-03 17:32:32','2023-06-03 17:32:32'),
 (58,'Annette Moreau','mannette@aol.com','2023-06-03 17:32:32','$2y$10$92IXUNpkjO0rOQ5byMi.Ye4oKoEa3Ro9llC/.og/at2.uheWG/igi',1,'k4iVXDiGaX','2023-06-03 17:32:32','2023-06-03 17:32:32'),
 (59,'René Renaud','rener@gmail.com','2023-06-03 17:32:32','$2y$10$92IXUNpkjO0rOQ5byMi.Ye4oKoEa3Ro9llC/.og/at2.uheWG/igi',1,'w1M0RPUrA5','2023-06-03 17:32:32','2023-06-03 17:32:32'),
 (60,'Isaac Demers','disaac@aol.com','2023-06-03 17:32:32','$2y$10$92IXUNpkjO0rOQ5byMi.Ye4oKoEa3Ro9llC/.og/at2.uheWG/igi',1,'tWy6Q1eWVN','2023-06-03 17:32:32','2023-06-03 17:32:32'),
 (61,'Léon Giroux','gleon@example.com','2023-06-03 17:32:32','$2y$10$92IXUNpkjO0rOQ5byMi.Ye4oKoEa3Ro9llC/.og/at2.uheWG/igi',1,'JfWroG2BJf','2023-06-03 17:32:32','2023-06-03 17:32:32'),
 (62,'Joséphine Boisvert','josephine-boisvert@fakedomain.com','2023-06-03 17:32:32','$2y$10$92IXUNpkjO0rOQ5byMi.Ye4oKoEa3Ro9llC/.og/at2.uheWG/igi',1,'VGt6Lhs25x','2023-06-03 17:32:32','2023-06-03 17:32:32'),
 (63,'Patrice Tremblay','patricetremblay@gmail.com','2023-06-03 17:32:32','$2y$10$92IXUNpkjO0rOQ5byMi.Ye4oKoEa3Ro9llC/.og/at2.uheWG/igi',1,'uN7M6W0ZSD','2023-06-03 17:32:32','2023-06-03 17:32:32'),
 (64,'Sylvie Martin','sylviemartin@aol.com','2023-06-03 17:32:32','$2y$10$92IXUNpkjO0rOQ5byMi.Ye4oKoEa3Ro9llC/.og/at2.uheWG/igi',1,'GQiDsz2sJ5','2023-06-03 17:32:32','2023-06-03 17:32:32'),
 (65,'Corrine Renaud','corrinerenaud@aol.com','2023-06-03 17:32:32','$2y$10$92IXUNpkjO0rOQ5byMi.Ye4oKoEa3Ro9llC/.og/at2.uheWG/igi',1,'geQNRa00Fz','2023-06-03 17:32:32','2023-06-03 17:32:32'),
 (66,'Yves Gagné','gagne-yves@gmail.com','2023-06-03 17:32:32','$2y$10$92IXUNpkjO0rOQ5byMi.Ye4oKoEa3Ro9llC/.og/at2.uheWG/igi',1,'yhqfuxKCxe','2023-06-03 17:32:32','2023-06-03 17:32:32'),
 (67,'Geneviève Savard','genevieves@test.com','2023-06-03 17:32:32','$2y$10$92IXUNpkjO0rOQ5byMi.Ye4oKoEa3Ro9llC/.og/at2.uheWG/igi',1,'sTllaiHCPE','2023-06-03 17:32:32','2023-06-03 17:32:32'),
 (68,'Céline Blanchette','blanchettec@mysite.com','2023-06-03 17:32:32','$2y$10$92IXUNpkjO0rOQ5byMi.Ye4oKoEa3Ro9llC/.og/at2.uheWG/igi',1,'oPhz1zgNMg','2023-06-03 17:32:32','2023-06-03 17:32:32'),
 (69,'Marcel Robert','robertmarcel@example.com','2023-06-03 17:32:32','$2y$10$92IXUNpkjO0rOQ5byMi.Ye4oKoEa3Ro9llC/.og/at2.uheWG/igi',1,'TwxhlQmBDg','2023-06-03 17:32:32','2023-06-03 17:32:32'),
 (70,'Paulette Vachon','vpaulette@aol.com','2023-06-03 17:32:32','$2y$10$92IXUNpkjO0rOQ5byMi.Ye4oKoEa3Ro9llC/.og/at2.uheWG/igi',1,'caJFumYIFI','2023-06-03 17:32:32','2023-06-03 17:32:32'),
 (71,'Thérèse Drouin','therese-drouin@outlook.com','2023-06-03 17:32:32','$2y$10$92IXUNpkjO0rOQ5byMi.Ye4oKoEa3Ro9llC/.og/at2.uheWG/igi',1,'HVk8KEBEnN','2023-06-03 17:32:32','2023-06-03 17:32:32'),
 (72,'Hélène Côté','cotehelene@hotmail.com','2023-06-03 17:32:32','$2y$10$92IXUNpkjO0rOQ5byMi.Ye4oKoEa3Ro9llC/.og/at2.uheWG/igi',1,'SuxtgVcu7c','2023-06-03 17:32:32','2023-06-03 17:32:32'),
 (73,'Yves Boudreau','boudreauy@gmail.com','2023-06-03 17:32:32','$2y$10$92IXUNpkjO0rOQ5byMi.Ye4oKoEa3Ro9llC/.og/at2.uheWG/igi',1,'Hqpd9S87HD','2023-06-03 17:32:32','2023-06-03 17:32:32'),
 (74,'Michèle Demers','demers-michele@gmail.com','2023-06-03 17:32:32','$2y$10$92IXUNpkjO0rOQ5byMi.Ye4oKoEa3Ro9llC/.og/at2.uheWG/igi',1,'75Rv1B6Z4D','2023-06-03 17:32:32','2023-06-03 17:32:32'),
 (75,'Sophie Giguère','gigueres@example.com','2023-06-03 17:32:32','$2y$10$92IXUNpkjO0rOQ5byMi.Ye4oKoEa3Ro9llC/.og/at2.uheWG/igi',1,'c7BmNAJiDG','2023-06-03 17:32:32','2023-06-03 17:32:32'),
 (76,'Agathe Fournier','afournier@outlook.com','2023-06-03 17:32:32','$2y$10$92IXUNpkjO0rOQ5byMi.Ye4oKoEa3Ro9llC/.og/at2.uheWG/igi',1,'sZk5dwhj7e','2023-06-03 17:32:32','2023-06-03 17:32:32'),
 (77,'Christiane Picard','cpicard@mail.com','2023-06-03 17:32:32','$2y$10$92IXUNpkjO0rOQ5byMi.Ye4oKoEa3Ro9llC/.og/at2.uheWG/igi',1,'0F6CVM41JJ','2023-06-03 17:32:32','2023-06-03 17:32:32'),
 (78,'Paul Larouche','larouchepaul@yahoo.com','2023-06-03 17:32:32','$2y$10$92IXUNpkjO0rOQ5byMi.Ye4oKoEa3Ro9llC/.og/at2.uheWG/igi',1,'mLPrgQfPz8','2023-06-03 17:32:32','2023-06-03 17:32:32'),
 (79,'Marthe Hamel','mhamel@mail.com','2023-06-03 17:32:32','$2y$10$92IXUNpkjO0rOQ5byMi.Ye4oKoEa3Ro9llC/.og/at2.uheWG/igi',1,'lv4j2o3zVt','2023-06-03 17:32:32','2023-06-03 17:32:32'),
 (80,'Robert Parent','rparent@example.com','2023-06-03 17:32:32','$2y$10$92IXUNpkjO0rOQ5byMi.Ye4oKoEa3Ro9llC/.og/at2.uheWG/igi',1,'Ry6137sbgc','2023-06-03 17:32:32','2023-06-03 17:32:32'),
 (81,'Susanne Dufour','susannedufour@outlook.com','2023-06-03 17:32:32','$2y$10$92IXUNpkjO0rOQ5byMi.Ye4oKoEa3Ro9llC/.og/at2.uheWG/igi',1,'USGG8PflXU','2023-06-03 17:32:32','2023-06-03 17:32:32'),
 (82,'Noémie Hébert','noemiehebert@hotmail.com','2023-06-03 17:32:32','$2y$10$92IXUNpkjO0rOQ5byMi.Ye4oKoEa3Ro9llC/.og/at2.uheWG/igi',1,'HBX6qN18Tx','2023-06-03 17:32:32','2023-06-03 17:32:32'),
 (83,'Robert Moreau','moreaur@fakedomain.com','2023-06-03 17:32:32','$2y$10$92IXUNpkjO0rOQ5byMi.Ye4oKoEa3Ro9llC/.og/at2.uheWG/igi',1,'KI0eBF5MRu','2023-06-03 17:32:32','2023-06-03 17:32:32'),
 (84,'Théophile Lepage','lepagetheophile@yahoo.com','2023-06-03 17:32:32','$2y$10$92IXUNpkjO0rOQ5byMi.Ye4oKoEa3Ro9llC/.og/at2.uheWG/igi',1,'6Ll4zkRUe5','2023-06-03 17:32:32','2023-06-03 17:32:32'),
 (85,'Manon Hamel','hmanon@outlook.com','2023-06-03 17:32:33','$2y$10$92IXUNpkjO0rOQ5byMi.Ye4oKoEa3Ro9llC/.og/at2.uheWG/igi',1,'XBKT5U2JDY','2023-06-03 17:32:33','2023-06-03 17:32:33'),
 (86,'Philippe Allard','philippea@example.com','2023-06-03 17:32:33','$2y$10$92IXUNpkjO0rOQ5byMi.Ye4oKoEa3Ro9llC/.og/at2.uheWG/igi',1,'c6AgBPs5Sk','2023-06-03 17:32:33','2023-06-03 17:32:33'),
 (87,'Pierre Bilodeau','pierreb@outlook.com','2023-06-03 17:32:33','$2y$10$92IXUNpkjO0rOQ5byMi.Ye4oKoEa3Ro9llC/.og/at2.uheWG/igi',1,'Ri4Z16Q46W','2023-06-03 17:32:33','2023-06-03 17:32:33'),
 (88,'Érika Guay','erika-guay@aol.com','2023-06-03 17:32:33','$2y$10$92IXUNpkjO0rOQ5byMi.Ye4oKoEa3Ro9llC/.og/at2.uheWG/igi',1,'aPC961f7EB','2023-06-03 17:32:33','2023-06-03 17:32:33'),
 (89,'Georges Richard','richardgeorges@example.com','2023-06-03 17:32:33','$2y$10$92IXUNpkjO0rOQ5byMi.Ye4oKoEa3Ro9llC/.og/at2.uheWG/igi',1,'cTtqBLmuTG','2023-06-03 17:32:33','2023-06-03 17:32:33'),
 (90,'Anne Rioux','riouxa@hotmail.com','2023-06-03 17:32:33','$2y$10$92IXUNpkjO0rOQ5byMi.Ye4oKoEa3Ro9llC/.og/at2.uheWG/igi',1,'LwrpkzWZW2','2023-06-03 17:32:33','2023-06-03 17:32:33'),
 (91,'Nicolas Lapointe','nicolaslapointe@test.com','2023-06-03 17:32:33','$2y$10$92IXUNpkjO0rOQ5byMi.Ye4oKoEa3Ro9llC/.og/at2.uheWG/igi',1,'mAaaMh9FFA','2023-06-03 17:32:33','2023-06-03 17:32:33'),
 (92,'Élisabeth Thériault','theriault-elisabeth@fakedomain.com','2023-06-03 17:32:33','$2y$10$92IXUNpkjO0rOQ5byMi.Ye4oKoEa3Ro9llC/.og/at2.uheWG/igi',1,'9a964rN50l','2023-06-03 17:32:33','2023-06-03 17:32:33'),
 (93,'Geneviève Renaud','geneviever@test.com','2023-06-03 17:32:33','$2y$10$92IXUNpkjO0rOQ5byMi.Ye4oKoEa3Ro9llC/.og/at2.uheWG/igi',1,'602avHcFcX','2023-06-03 17:32:33','2023-06-03 17:32:33'),
 (94,'Adrienne Gosselin','adrienne-gosselin@mysite.com','2023-06-03 17:32:33','$2y$10$92IXUNpkjO0rOQ5byMi.Ye4oKoEa3Ro9llC/.og/at2.uheWG/igi',1,'jp7eP6CBCr','2023-06-03 17:32:33','2023-06-03 17:32:33'),
 (95,'Claude Martel','claude-martel@mail.com','2023-06-03 17:32:33','$2y$10$92IXUNpkjO0rOQ5byMi.Ye4oKoEa3Ro9llC/.og/at2.uheWG/igi',1,'NLGmWjuq7d','2023-06-03 17:32:33','2023-06-03 17:32:33'),
 (96,'Jules Morin','morinj@yahoo.com','2023-06-03 17:32:33','$2y$10$92IXUNpkjO0rOQ5byMi.Ye4oKoEa3Ro9llC/.og/at2.uheWG/igi',1,'5uGCdvNdFN','2023-06-03 17:32:33','2023-06-03 17:32:33'),
 (97,'Lucie Lauzon','lucielauzon@fakedomain.com','2023-06-03 17:32:33','$2y$10$92IXUNpkjO0rOQ5byMi.Ye4oKoEa3Ro9llC/.og/at2.uheWG/igi',1,'HbdzHFd0Pe','2023-06-03 17:32:33','2023-06-03 17:32:33'),
 (98,'Anthony Blanchette','blanchette-anthony@test.com','2023-06-03 17:32:33','$2y$10$92IXUNpkjO0rOQ5byMi.Ye4oKoEa3Ro9llC/.og/at2.uheWG/igi',1,'VjKFx6Yxeg','2023-06-03 17:32:33','2023-06-03 17:32:33'),
 (99,'Yvonne Lalonde','ylalonde@aol.com','2023-06-03 17:32:33','$2y$10$92IXUNpkjO0rOQ5byMi.Ye4oKoEa3Ro9llC/.og/at2.uheWG/igi',1,'AVoaZL9W0F','2023-06-03 17:32:33','2023-06-03 17:32:33'),
 (100,'Mathieu Boisvert','mathieu-boisvert@mysite.com','2023-06-03 17:32:33','$2y$10$92IXUNpkjO0rOQ5byMi.Ye4oKoEa3Ro9llC/.og/at2.uheWG/igi',1,'wG6yGoxG1s','2023-06-03 17:32:33','2023-06-03 17:32:33'),
 (101,'Bernadette Lemieux','blemieux@hotmail.com','2023-06-03 17:32:33','$2y$10$92IXUNpkjO0rOQ5byMi.Ye4oKoEa3Ro9llC/.og/at2.uheWG/igi',1,'Msqb6JqJV0','2023-06-03 17:32:33','2023-06-03 17:32:33'),
 (102,'Christine Allard','allardchristine@example.com','2023-06-03 17:32:33','$2y$10$92IXUNpkjO0rOQ5byMi.Ye4oKoEa3Ro9llC/.og/at2.uheWG/igi',1,'g206W4tNyV','2023-06-03 17:32:33','2023-06-03 17:32:33'),
 (103,'Aimé Desjardins','desjardinsaime@test.com','2023-06-03 17:32:33','$2y$10$92IXUNpkjO0rOQ5byMi.Ye4oKoEa3Ro9llC/.og/at2.uheWG/igi',1,'hHQvngDoF8','2023-06-03 17:32:33','2023-06-03 17:32:33'),
 (104,'Grégory St-Pierre','st-pierre-gregory@fakedomain.com','2023-06-03 17:32:33','$2y$10$92IXUNpkjO0rOQ5byMi.Ye4oKoEa3Ro9llC/.og/at2.uheWG/igi',1,'alSvWsJ60k','2023-06-03 17:32:33','2023-06-03 17:32:33'),
 (105,'Philippe Martel','philippemartel@gmail.com','2023-06-03 17:32:33','$2y$10$92IXUNpkjO0rOQ5byMi.Ye4oKoEa3Ro9llC/.og/at2.uheWG/igi',1,'xeTk9mGhLV','2023-06-03 17:32:33','2023-06-03 17:32:33'),
 (106,'Roger Vachon','vachonroger@mail.com','2023-06-03 17:32:33','$2y$10$92IXUNpkjO0rOQ5byMi.Ye4oKoEa3Ro9llC/.og/at2.uheWG/igi',1,'nnanVqJZ0X','2023-06-03 17:32:33','2023-06-03 17:32:33'),
 (107,'Olivia Dion','dionolivia@mysite.com','2023-06-03 17:32:33','$2y$10$92IXUNpkjO0rOQ5byMi.Ye4oKoEa3Ro9llC/.og/at2.uheWG/igi',1,'l0bJqudVZ9','2023-06-03 17:32:33','2023-06-03 17:32:33'),
 (108,'Richard Dubois','duboisr@yahoo.com','2023-06-03 17:32:33','$2y$10$92IXUNpkjO0rOQ5byMi.Ye4oKoEa3Ro9llC/.og/at2.uheWG/igi',1,'MJAT3x9LdH','2023-06-03 17:32:33','2023-06-03 17:32:33'),
 (109,'Ann Fortier','fann@outlook.com','2023-06-03 17:32:33','$2y$10$92IXUNpkjO0rOQ5byMi.Ye4oKoEa3Ro9llC/.og/at2.uheWG/igi',1,'3eyi384GTB','2023-06-03 17:32:33','2023-06-03 17:32:33'),
 (110,'Henri Couture','coutureh@aol.com','2023-06-03 17:32:33','$2y$10$92IXUNpkjO0rOQ5byMi.Ye4oKoEa3Ro9llC/.og/at2.uheWG/igi',1,'KCVW12BkES','2023-06-03 17:32:33','2023-06-03 17:32:33'),
 (111,'Richard St-Pierre','st-pierrerichard@aol.com','2023-06-03 17:32:33','$2y$10$92IXUNpkjO0rOQ5byMi.Ye4oKoEa3Ro9llC/.og/at2.uheWG/igi',1,'7WnJfvkVZ6','2023-06-03 17:32:33','2023-06-03 17:32:33'),
 (112,'Vincent Fournier','vincentfournier@yahoo.com','2023-06-03 17:32:33','$2y$10$92IXUNpkjO0rOQ5byMi.Ye4oKoEa3Ro9llC/.og/at2.uheWG/igi',1,'yarndtWVgM','2023-06-03 17:32:33','2023-06-03 17:32:33'),
 (113,'Paulette Fillion','fillion-paulette@aol.com','2023-06-03 17:32:33','$2y$10$92IXUNpkjO0rOQ5byMi.Ye4oKoEa3Ro9llC/.og/at2.uheWG/igi',1,'QQg383y004','2023-06-03 17:32:33','2023-06-03 17:32:33'),
 (114,'Gilbert Boivin','boivingilbert@example.com','2023-06-03 17:32:33','$2y$10$92IXUNpkjO0rOQ5byMi.Ye4oKoEa3Ro9llC/.og/at2.uheWG/igi',1,'RI8Na54DyU','2023-06-03 17:32:33','2023-06-03 17:32:33'),
 (115,'Georges Lalonde','lalonde-georges@fakedomain.com','2023-06-03 17:32:33','$2y$10$92IXUNpkjO0rOQ5byMi.Ye4oKoEa3Ro9llC/.og/at2.uheWG/igi',1,'4sV1Bwad1A','2023-06-03 17:32:33','2023-06-03 17:32:33'),
 (116,'Auguste Bernard','bernardauguste@outlook.com','2023-06-03 17:32:33','$2y$10$92IXUNpkjO0rOQ5byMi.Ye4oKoEa3Ro9llC/.og/at2.uheWG/igi',1,'LE0DGoEKBC','2023-06-03 17:32:33','2023-06-03 17:32:33'),
 (117,'Édith Fontaine','edithfontaine@outlook.com','2023-06-03 17:32:33','$2y$10$92IXUNpkjO0rOQ5byMi.Ye4oKoEa3Ro9llC/.og/at2.uheWG/igi',1,'Y8TFOdRSQR','2023-06-03 17:32:33','2023-06-03 17:32:33'),
 (118,'André Hamel','andrehamel@yahoo.com','2023-06-03 17:32:33','$2y$10$92IXUNpkjO0rOQ5byMi.Ye4oKoEa3Ro9llC/.og/at2.uheWG/igi',1,'GdOmViYRgh','2023-06-03 17:32:33','2023-06-03 17:32:33'),
 (119,'Odette Champagne','odettechampagne@fakedomain.com','2023-06-03 17:32:33','$2y$10$92IXUNpkjO0rOQ5byMi.Ye4oKoEa3Ro9llC/.og/at2.uheWG/igi',1,'J7ZQyEPBSy','2023-06-03 17:32:33','2023-06-03 17:32:33'),
 (120,'Annie Allard','allard-annie@example.com','2023-06-03 17:32:33','$2y$10$92IXUNpkjO0rOQ5byMi.Ye4oKoEa3Ro9llC/.og/at2.uheWG/igi',1,'C2c9lRHlJB','2023-06-03 17:32:33','2023-06-03 17:32:33'),
 (121,'Sylvie Côté','sylvie-cote@fakedomain.com','2023-06-03 17:32:33','$2y$10$92IXUNpkjO0rOQ5byMi.Ye4oKoEa3Ro9llC/.og/at2.uheWG/igi',1,'KrE96fQVLW','2023-06-03 17:32:33','2023-06-03 17:32:33'),
 (122,'Édouard Renaud','edouard-renaud@example.com','2023-06-03 17:32:33','$2y$10$92IXUNpkjO0rOQ5byMi.Ye4oKoEa3Ro9llC/.og/at2.uheWG/igi',1,'xyWsjZrMOA','2023-06-03 17:32:33','2023-06-03 17:32:33'),
 (123,'Agathe Larouche','agathel@test.com','2023-06-03 17:32:33','$2y$10$92IXUNpkjO0rOQ5byMi.Ye4oKoEa3Ro9llC/.og/at2.uheWG/igi',1,'9HYpHDmj74','2023-06-03 17:32:33','2023-06-03 17:32:33'),
 (124,'Paul Lapointe','lpaul@example.com','2023-06-03 17:32:33','$2y$10$92IXUNpkjO0rOQ5byMi.Ye4oKoEa3Ro9llC/.og/at2.uheWG/igi',1,'VMiprE4bvT','2023-06-03 17:32:33','2023-06-03 17:32:33'),
 (125,'Bernard Giguère','giguere-bernard@yahoo.com','2023-06-03 17:32:33','$2y$10$92IXUNpkjO0rOQ5byMi.Ye4oKoEa3Ro9llC/.og/at2.uheWG/igi',1,'50dgOCiD93','2023-06-03 17:32:33','2023-06-03 17:32:33'),
 (126,'Mathilde Guay','guaym@gmail.com','2023-06-03 17:32:33','$2y$10$92IXUNpkjO0rOQ5byMi.Ye4oKoEa3Ro9llC/.og/at2.uheWG/igi',1,'WO2rRTTkm9','2023-06-03 17:32:33','2023-06-03 17:32:33'),
 (127,'Benoît Therrien','therrienbenoit@hotmail.com','2023-06-03 17:32:33','$2y$10$92IXUNpkjO0rOQ5byMi.Ye4oKoEa3Ro9llC/.og/at2.uheWG/igi',1,'5WwAJ2ksG8','2023-06-03 17:32:33','2023-06-03 17:32:33'),
 (128,'Marthe Grenier','mgrenier@mail.com','2023-06-03 17:32:33','$2y$10$92IXUNpkjO0rOQ5byMi.Ye4oKoEa3Ro9llC/.og/at2.uheWG/igi',1,'PYMHF5ROVj','2023-06-03 17:32:33','2023-06-03 17:32:33'),
 (129,'Charlotte Tardif','tardifcharlotte@mail.com','2023-06-03 17:32:33','$2y$10$92IXUNpkjO0rOQ5byMi.Ye4oKoEa3Ro9llC/.og/at2.uheWG/igi',1,'oiJ0kBO4oX','2023-06-03 17:32:33','2023-06-03 17:32:33'),
 (130,'Lucas Allard','lucas-allard@fakedomain.com','2023-06-03 17:32:33','$2y$10$92IXUNpkjO0rOQ5byMi.Ye4oKoEa3Ro9llC/.og/at2.uheWG/igi',1,'Sfca4zze2k','2023-06-03 17:32:33','2023-06-03 17:32:33'),
 (131,'Michèle Landry','michelelandry@outlook.com','2023-06-03 17:32:33','$2y$10$92IXUNpkjO0rOQ5byMi.Ye4oKoEa3Ro9llC/.og/at2.uheWG/igi',1,'DDEJUkU3yc','2023-06-03 17:32:33','2023-06-03 17:32:33'),
 (132,'Camille Côté','camillecote@example.com','2023-06-03 17:32:33','$2y$10$92IXUNpkjO0rOQ5byMi.Ye4oKoEa3Ro9llC/.og/at2.uheWG/igi',1,'JPe0MLDtGd','2023-06-03 17:32:33','2023-06-03 17:32:33'),
 (133,'Colette Lauzon','colette-lauzon@mail.com','2023-06-03 17:32:33','$2y$10$92IXUNpkjO0rOQ5byMi.Ye4oKoEa3Ro9llC/.og/at2.uheWG/igi',1,'53QOXR9ZST','2023-06-03 17:32:33','2023-06-03 17:32:33'),
 (134,'Sébastien Perron','sebastien-perron@aol.com','2023-06-03 17:32:33','$2y$10$92IXUNpkjO0rOQ5byMi.Ye4oKoEa3Ro9llC/.og/at2.uheWG/igi',1,'227hWPWhXd','2023-06-03 17:32:33','2023-06-03 17:32:33'),
 (135,'Matthieu Jacques','matthieuj@example.com','2023-06-03 17:32:33','$2y$10$92IXUNpkjO0rOQ5byMi.Ye4oKoEa3Ro9llC/.og/at2.uheWG/igi',1,'76phfbMRxA','2023-06-03 17:32:33','2023-06-03 17:32:33'),
 (136,'Frédérique Proulx','frederiqueproulx@hotmail.com','2023-06-03 17:32:33','$2y$10$92IXUNpkjO0rOQ5byMi.Ye4oKoEa3Ro9llC/.og/at2.uheWG/igi',1,'E3OSz0Jm0d','2023-06-03 17:32:33','2023-06-03 17:32:33'),
 (137,'René Dufour','rdufour@gmail.com','2023-06-03 17:32:33','$2y$10$92IXUNpkjO0rOQ5byMi.Ye4oKoEa3Ro9llC/.og/at2.uheWG/igi',1,'erHpsoqLa8','2023-06-03 17:32:33','2023-06-03 17:32:33'),
 (138,'Christiane Picard','christianepicard@hotmail.com','2023-06-03 17:32:33','$2y$10$92IXUNpkjO0rOQ5byMi.Ye4oKoEa3Ro9llC/.og/at2.uheWG/igi',1,'RvMMxYFoO9','2023-06-03 17:32:33','2023-06-03 17:32:33'),
 (139,'Valérie Moreau','valerie-moreau@example.com','2023-06-03 17:32:33','$2y$10$92IXUNpkjO0rOQ5byMi.Ye4oKoEa3Ro9llC/.og/at2.uheWG/igi',1,'VZu37KYPPi','2023-06-03 17:32:33','2023-06-03 17:32:33'),
 (140,'Guy Bilodeau','bilodeauguy@mysite.com','2023-06-03 17:32:33','$2y$10$92IXUNpkjO0rOQ5byMi.Ye4oKoEa3Ro9llC/.og/at2.uheWG/igi',1,'5pQvgYAwOr','2023-06-03 17:32:33','2023-06-03 17:32:33'),
 (141,'Amélie Boisvert','amelieb@test.com','2023-06-03 17:32:33','$2y$10$92IXUNpkjO0rOQ5byMi.Ye4oKoEa3Ro9llC/.og/at2.uheWG/igi',1,'dbqjLsT6iR','2023-06-03 17:32:33','2023-06-03 17:32:33'),
 (142,'Théo Roy','rtheo@outlook.com','2023-06-03 17:32:33','$2y$10$92IXUNpkjO0rOQ5byMi.Ye4oKoEa3Ro9llC/.og/at2.uheWG/igi',1,'aGmdVPLBjH','2023-06-03 17:32:33','2023-06-03 17:32:33'),
 (143,'Laurence Rousseau','lrousseau@mysite.com','2023-06-03 17:32:33','$2y$10$92IXUNpkjO0rOQ5byMi.Ye4oKoEa3Ro9llC/.og/at2.uheWG/igi',1,'AhGZq9fWgc','2023-06-03 17:32:33','2023-06-03 17:32:33'),
 (144,'Caroline Allard','acaroline@gmail.com','2023-06-03 17:32:33','$2y$10$92IXUNpkjO0rOQ5byMi.Ye4oKoEa3Ro9llC/.og/at2.uheWG/igi',1,'Z3jGb5so4s','2023-06-03 17:32:33','2023-06-03 17:32:33'),
 (145,'Élisabeth Dion','elisabeth-dion@test.com','2023-06-03 17:32:33','$2y$10$92IXUNpkjO0rOQ5byMi.Ye4oKoEa3Ro9llC/.og/at2.uheWG/igi',1,'IwYV8139DA','2023-06-03 17:32:33','2023-06-03 17:32:33'),
 (146,'Adrien Boudreau','adrienboudreau@gmail.com','2023-06-03 17:32:33','$2y$10$92IXUNpkjO0rOQ5byMi.Ye4oKoEa3Ro9llC/.og/at2.uheWG/igi',1,'2pDI1gbdiS','2023-06-03 17:32:33','2023-06-03 17:32:33'),
 (147,'Yves Dion','ydion@mail.com','2023-06-03 17:32:33','$2y$10$92IXUNpkjO0rOQ5byMi.Ye4oKoEa3Ro9llC/.og/at2.uheWG/igi',1,'oL01nseHXg','2023-06-03 17:32:33','2023-06-03 17:32:33'),
 (148,'Caroline Parent','parentc@hotmail.com','2023-06-03 17:32:33','$2y$10$92IXUNpkjO0rOQ5byMi.Ye4oKoEa3Ro9llC/.og/at2.uheWG/igi',1,'8O6TRkS1K3','2023-06-03 17:32:33','2023-06-03 17:32:33'),
 (149,'Charles Bernier','charlesb@hotmail.com','2023-06-03 17:32:33','$2y$10$92IXUNpkjO0rOQ5byMi.Ye4oKoEa3Ro9llC/.og/at2.uheWG/igi',1,'gl51pydkQl','2023-06-03 17:32:33','2023-06-03 17:32:33'),
 (150,'Gérard Mercier','mercierg@fakedomain.com','2023-06-03 17:32:33','$2y$10$92IXUNpkjO0rOQ5byMi.Ye4oKoEa3Ro9llC/.og/at2.uheWG/igi',1,'Vs9EkrtVNn','2023-06-03 17:32:33','2023-06-03 17:32:33'),
 (151,'Rémy Allard','rallard@aol.com','2023-06-03 17:32:33','$2y$10$92IXUNpkjO0rOQ5byMi.Ye4oKoEa3Ro9llC/.og/at2.uheWG/igi',1,'Qf228EHBda','2023-06-03 17:32:33','2023-06-03 17:32:33'),
 (152,'Isabelle Fontaine','fontaine-isabelle@aol.com','2023-06-03 17:32:33','$2y$10$92IXUNpkjO0rOQ5byMi.Ye4oKoEa3Ro9llC/.og/at2.uheWG/igi',1,'wy0jXSU7Ag','2023-06-03 17:32:33','2023-06-03 17:32:33'),
 (153,'René Bélanger','brene@outlook.com','2023-06-03 17:32:33','$2y$10$92IXUNpkjO0rOQ5byMi.Ye4oKoEa3Ro9llC/.og/at2.uheWG/igi',1,'cyNapYj2IN','2023-06-03 17:32:33','2023-06-03 17:32:33'),
 (154,'Nicole Dionne','dionne-nicole@outlook.com','2023-06-03 17:32:33','$2y$10$92IXUNpkjO0rOQ5byMi.Ye4oKoEa3Ro9llC/.og/at2.uheWG/igi',1,'2XIMKDu13c','2023-06-03 17:32:33','2023-06-03 17:32:33'),
 (155,'Grégory Labelle','gregoryl@hotmail.com','2023-06-03 17:32:33','$2y$10$92IXUNpkjO0rOQ5byMi.Ye4oKoEa3Ro9llC/.og/at2.uheWG/igi',1,'jZJcSYljTN','2023-06-03 17:32:33','2023-06-03 17:32:33'),
 (156,'Madeleine Mercier','merciermadeleine@outlook.com','2023-06-03 17:32:33','$2y$10$92IXUNpkjO0rOQ5byMi.Ye4oKoEa3Ro9llC/.og/at2.uheWG/igi',1,'Ia9V1gpFO3','2023-06-03 17:32:33','2023-06-03 17:32:33'),
 (157,'Maggie Richard','mrichard@test.com','2023-06-03 17:32:33','$2y$10$92IXUNpkjO0rOQ5byMi.Ye4oKoEa3Ro9llC/.og/at2.uheWG/igi',1,'rJjIYnzHOR','2023-06-03 17:32:33','2023-06-03 17:32:33'),
 (158,'Gabrielle Houle','gabrielle-houle@test.com','2023-06-03 17:32:33','$2y$10$92IXUNpkjO0rOQ5byMi.Ye4oKoEa3Ro9llC/.og/at2.uheWG/igi',1,'j90ivT2Vhc','2023-06-03 17:32:33','2023-06-03 17:32:33'),
 (159,'Christiane Bergeron','christianeb@yahoo.com','2023-06-03 17:32:33','$2y$10$92IXUNpkjO0rOQ5byMi.Ye4oKoEa3Ro9llC/.og/at2.uheWG/igi',1,'jkE0XJsW86','2023-06-03 17:32:33','2023-06-03 17:32:33'),
 (160,'Manon Blanchette','manon-blanchette@yahoo.com','2023-06-03 17:32:33','$2y$10$92IXUNpkjO0rOQ5byMi.Ye4oKoEa3Ro9llC/.og/at2.uheWG/igi',1,'WDWYESbBQb','2023-06-03 17:32:33','2023-06-03 17:32:33'),
 (161,'Élise Nguyen','elisenguyen@gmail.com','2023-06-03 17:32:33','$2y$10$92IXUNpkjO0rOQ5byMi.Ye4oKoEa3Ro9llC/.og/at2.uheWG/igi',1,'HevFcbMYeC','2023-06-03 17:32:33','2023-06-03 17:32:33'),
 (162,'Pauline Boivin','boivin-pauline@fakedomain.com','2023-06-03 17:32:33','$2y$10$92IXUNpkjO0rOQ5byMi.Ye4oKoEa3Ro9llC/.og/at2.uheWG/igi',1,'c67G0Nl3M9','2023-06-03 17:32:33','2023-06-03 17:32:33'),
 (163,'René St-Pierre','st-pierre-rene@example.com','2023-06-03 17:32:33','$2y$10$92IXUNpkjO0rOQ5byMi.Ye4oKoEa3Ro9llC/.og/at2.uheWG/igi',1,'HcuDADJ5n3','2023-06-03 17:32:33','2023-06-03 17:32:33'),
 (164,'Sylvie Fournier','fsylvie@aol.com','2023-06-03 17:32:33','$2y$10$92IXUNpkjO0rOQ5byMi.Ye4oKoEa3Ro9llC/.og/at2.uheWG/igi',1,'keagP0NpjK','2023-06-03 17:32:33','2023-06-03 17:32:33'),
 (165,'Vincent Fontaine','fontainevincent@fakedomain.com','2023-06-03 17:32:33','$2y$10$92IXUNpkjO0rOQ5byMi.Ye4oKoEa3Ro9llC/.og/at2.uheWG/igi',1,'WMus2KGL0z','2023-06-03 17:32:33','2023-06-03 17:32:33'),
 (166,'Anouk Landry','landrya@fakedomain.com','2023-06-03 17:32:33','$2y$10$92IXUNpkjO0rOQ5byMi.Ye4oKoEa3Ro9llC/.og/at2.uheWG/igi',1,'BAP2KaUCh3','2023-06-03 17:32:33','2023-06-03 17:32:33'),
 (167,'Maryse Giguère','giguere-maryse@outlook.com','2023-06-03 17:32:33','$2y$10$92IXUNpkjO0rOQ5byMi.Ye4oKoEa3Ro9llC/.og/at2.uheWG/igi',1,'i8vGspMwzB','2023-06-03 17:32:33','2023-06-03 17:32:33'),
 (168,'Zacharie Bernier','bernierzacharie@aol.com','2023-06-03 17:32:33','$2y$10$92IXUNpkjO0rOQ5byMi.Ye4oKoEa3Ro9llC/.og/at2.uheWG/igi',1,'RFKxCgU58m','2023-06-03 17:32:33','2023-06-03 17:32:33'),
 (169,'Augustin Labelle','augustinl@yahoo.com','2023-06-03 17:32:33','$2y$10$92IXUNpkjO0rOQ5byMi.Ye4oKoEa3Ro9llC/.og/at2.uheWG/igi',1,'e1IYxMm7Wo','2023-06-03 17:32:33','2023-06-03 17:32:33'),
 (170,'Adèle Hamel','ahamel@mysite.com','2023-06-03 17:32:33','$2y$10$92IXUNpkjO0rOQ5byMi.Ye4oKoEa3Ro9llC/.og/at2.uheWG/igi',1,'hdQDFBd2GS','2023-06-03 17:32:33','2023-06-03 17:32:33'),
 (171,'Pierre Deschênes','pierredeschenes@example.com','2023-06-03 17:32:33','$2y$10$92IXUNpkjO0rOQ5byMi.Ye4oKoEa3Ro9llC/.og/at2.uheWG/igi',1,'WXbLngzxta','2023-06-03 17:32:33','2023-06-03 17:32:33'),
 (172,'Mathilde Vachon','mathildev@outlook.com','2023-06-03 17:32:33','$2y$10$92IXUNpkjO0rOQ5byMi.Ye4oKoEa3Ro9llC/.og/at2.uheWG/igi',1,'FKfD1vstdT','2023-06-03 17:32:33','2023-06-03 17:32:33'),
 (173,'Raymond Langlois','raymondl@outlook.com','2023-06-03 17:32:33','$2y$10$92IXUNpkjO0rOQ5byMi.Ye4oKoEa3Ro9llC/.og/at2.uheWG/igi',1,'9ueB8f0nKk','2023-06-03 17:32:33','2023-06-03 17:32:33'),
 (174,'Joseph Morin','morinjoseph@hotmail.com','2023-06-03 17:32:33','$2y$10$92IXUNpkjO0rOQ5byMi.Ye4oKoEa3Ro9llC/.og/at2.uheWG/igi',1,'2BQ6LETSUb','2023-06-03 17:32:33','2023-06-03 17:32:33'),
 (175,'Anouk Bédard','anouk-bedard@fakedomain.com','2023-06-03 17:32:33','$2y$10$92IXUNpkjO0rOQ5byMi.Ye4oKoEa3Ro9llC/.og/at2.uheWG/igi',1,'aa0VjmlNCG','2023-06-03 17:32:33','2023-06-03 17:32:33'),
 (176,'Mathieu Boisvert','mboisvert@mysite.com','2023-06-03 17:32:33','$2y$10$92IXUNpkjO0rOQ5byMi.Ye4oKoEa3Ro9llC/.og/at2.uheWG/igi',1,'FndnUGtA0k','2023-06-03 17:32:33','2023-06-03 17:32:33'),
 (177,'Marthe Thériault','tmarthe@hotmail.com','2023-06-03 17:32:33','$2y$10$92IXUNpkjO0rOQ5byMi.Ye4oKoEa3Ro9llC/.og/at2.uheWG/igi',1,'XJHzBbWSGZ','2023-06-03 17:32:33','2023-06-03 17:32:33'),
 (178,'Alexandra Côté','cotealexandra@outlook.com','2023-06-03 17:32:33','$2y$10$92IXUNpkjO0rOQ5byMi.Ye4oKoEa3Ro9llC/.og/at2.uheWG/igi',1,'gh0XH7O7SR','2023-06-03 17:32:33','2023-06-03 17:32:33'),
 (179,'Audrey Martel','audreymartel@mysite.com','2023-06-03 17:32:33','$2y$10$92IXUNpkjO0rOQ5byMi.Ye4oKoEa3Ro9llC/.og/at2.uheWG/igi',1,'QHc5aAte8Q','2023-06-03 17:32:33','2023-06-03 17:32:33'),
 (180,'Éric Charbonneau','charbonneaueric@yahoo.com','2023-06-03 17:32:33','$2y$10$92IXUNpkjO0rOQ5byMi.Ye4oKoEa3Ro9llC/.og/at2.uheWG/igi',1,'2VFNhV6JRU','2023-06-03 17:32:33','2023-06-03 17:32:33'),
 (181,'Eve Champagne','evechampagne@hotmail.com','2023-06-03 17:32:33','$2y$10$92IXUNpkjO0rOQ5byMi.Ye4oKoEa3Ro9llC/.og/at2.uheWG/igi',1,'7TnxfgoPgm','2023-06-03 17:32:33','2023-06-03 17:32:33'),
 (182,'Odette Morin','omorin@outlook.com','2023-06-03 17:32:33','$2y$10$92IXUNpkjO0rOQ5byMi.Ye4oKoEa3Ro9llC/.og/at2.uheWG/igi',1,'ssn5ULQMot','2023-06-03 17:32:33','2023-06-03 17:32:33'),
 (183,'Édith Langlois','langloisedith@gmail.com','2023-06-03 17:32:33','$2y$10$92IXUNpkjO0rOQ5byMi.Ye4oKoEa3Ro9llC/.og/at2.uheWG/igi',1,'6Hzz7DA0UI','2023-06-03 17:32:33','2023-06-03 17:32:33'),
 (184,'Amélie Morin','morina@gmail.com','2023-06-03 17:32:33','$2y$10$92IXUNpkjO0rOQ5byMi.Ye4oKoEa3Ro9llC/.og/at2.uheWG/igi',1,'NenZ4cI7nv','2023-06-03 17:32:33','2023-06-03 17:32:33'),
 (185,'Véronique St-Pierre','veroniquest-pierre@fakedomain.com','2023-06-03 17:32:33','$2y$10$92IXUNpkjO0rOQ5byMi.Ye4oKoEa3Ro9llC/.og/at2.uheWG/igi',1,'vQ5kKEIOu6','2023-06-03 17:32:33','2023-06-03 17:32:33'),
 (186,'Madeleine Gingras','madeleinegingras@example.com','2023-06-03 17:32:33','$2y$10$92IXUNpkjO0rOQ5byMi.Ye4oKoEa3Ro9llC/.og/at2.uheWG/igi',1,'VDS9oBHniI','2023-06-03 17:32:33','2023-06-03 17:32:33'),
 (187,'Étienne Beaudoin','beaudoin@yahoo.com','2023-06-03 17:32:33','$2y$10$92IXUNpkjO0rOQ5byMi.Ye4oKoEa3Ro9llC/.og/at2.uheWG/igi',1,'i66OCTaKwz','2023-06-03 17:32:33','2023-06-03 17:32:33'),
 (188,'Denise Leclerc','denise-leclerc@hotmail.com','2023-06-03 17:32:33','$2y$10$92IXUNpkjO0rOQ5byMi.Ye4oKoEa3Ro9llC/.og/at2.uheWG/igi',1,'hZAdZ4Y92h','2023-06-03 17:32:33','2023-06-03 17:32:33'),
 (189,'Victor Parent','parentvictor@gmail.com','2023-06-03 17:32:33','$2y$10$92IXUNpkjO0rOQ5byMi.Ye4oKoEa3Ro9llC/.og/at2.uheWG/igi',1,'OOU9TjdXmK','2023-06-03 17:32:33','2023-06-03 17:32:33'),
 (190,'Valérie Champagne','champagne-valerie@hotmail.com','2023-06-03 17:32:33','$2y$10$92IXUNpkjO0rOQ5byMi.Ye4oKoEa3Ro9llC/.og/at2.uheWG/igi',1,'UAsivluLBR','2023-06-03 17:32:33','2023-06-03 17:32:33'),
 (191,'Théophile Poulin','tpoulin@hotmail.com','2023-06-03 17:32:33','$2y$10$92IXUNpkjO0rOQ5byMi.Ye4oKoEa3Ro9llC/.og/at2.uheWG/igi',1,'LivDB5FeEF','2023-06-03 17:32:33','2023-06-03 17:32:33'),
 (192,'Paulette Bérubé','pauletteb@example.com','2023-06-03 17:32:33','$2y$10$92IXUNpkjO0rOQ5byMi.Ye4oKoEa3Ro9llC/.og/at2.uheWG/igi',1,'6PfptWfmms','2023-06-03 17:32:33','2023-06-03 17:32:33'),
 (193,'Brigitte Martin','brigittemartin@mail.com','2023-06-03 17:32:33','$2y$10$92IXUNpkjO0rOQ5byMi.Ye4oKoEa3Ro9llC/.og/at2.uheWG/igi',1,'sfClSdjUSi','2023-06-03 17:32:33','2023-06-03 17:32:33'),
 (194,'Pénélope Nguyen','pnguyen@yahoo.com','2023-06-03 17:32:33','$2y$10$92IXUNpkjO0rOQ5byMi.Ye4oKoEa3Ro9llC/.og/at2.uheWG/igi',1,'7PARGq1wD6','2023-06-03 17:32:33','2023-06-03 17:32:33'),
 (195,'Monique Fortin','fortin-monique@outlook.com','2023-06-03 17:32:33','$2y$10$92IXUNpkjO0rOQ5byMi.Ye4oKoEa3Ro9llC/.og/at2.uheWG/igi',1,'9YJs9fbWaN','2023-06-03 17:32:33','2023-06-03 17:32:33'),
 (196,'Maurice Boucher','bouchermaurice@test.com','2023-06-03 17:32:33','$2y$10$92IXUNpkjO0rOQ5byMi.Ye4oKoEa3Ro9llC/.og/at2.uheWG/igi',1,'j6gZi4cnxP','2023-06-03 17:32:33','2023-06-03 17:32:33'),
 (197,'Odette Fillion','fodette@yahoo.com','2023-06-03 17:32:33','$2y$10$92IXUNpkjO0rOQ5byMi.Ye4oKoEa3Ro9llC/.og/at2.uheWG/igi',1,'PcWqhp3BhK','2023-06-03 17:32:33','2023-06-03 17:32:33'),
 (198,'Marie Côté','cotemarie@outlook.com','2023-06-03 17:32:33','$2y$10$92IXUNpkjO0rOQ5byMi.Ye4oKoEa3Ro9llC/.og/at2.uheWG/igi',1,'pmEVv9Uh5Q','2023-06-03 17:32:33','2023-06-03 17:32:33'),
 (199,'Marcel Jean','jmarcel@gmail.com','2023-06-03 17:32:33','$2y$10$92IXUNpkjO0rOQ5byMi.Ye4oKoEa3Ro9llC/.og/at2.uheWG/igi',1,'c31nZJetUl','2023-06-03 17:32:33','2023-06-03 17:32:33'),
 (200,'Nicole Bérubé','nberube@outlook.com','2023-06-03 17:32:33','$2y$10$92IXUNpkjO0rOQ5byMi.Ye4oKoEa3Ro9llC/.og/at2.uheWG/igi',1,'QsTJp1GXuB','2023-06-03 17:32:33','2023-06-03 17:32:33'),
 (201,'Alysson Vachon','alyssonvachon@outlook.com','2023-06-03 17:32:33','$2y$10$92IXUNpkjO0rOQ5byMi.Ye4oKoEa3Ro9llC/.og/at2.uheWG/igi',1,'YHDPteHmYf','2023-06-03 17:32:33','2023-06-03 17:32:33'),
 (202,'Stéphanie Lacroix','slacroix@test.com','2023-06-03 17:32:33','$2y$10$92IXUNpkjO0rOQ5byMi.Ye4oKoEa3Ro9llC/.og/at2.uheWG/igi',1,'gpmikqvHyd','2023-06-03 17:32:33','2023-06-03 17:32:33'),
 (203,'Geneviève Deschênes','deschenesgenevieve@gmail.com','2023-06-03 17:32:33','$2y$10$92IXUNpkjO0rOQ5byMi.Ye4oKoEa3Ro9llC/.og/at2.uheWG/igi',1,'UJuFOlyi0k','2023-06-03 17:32:33','2023-06-03 17:32:33'),
 (204,'Nicolas Bilodeau','bilodeau-nicolas@outlook.com','2023-06-03 17:32:33','$2y$10$92IXUNpkjO0rOQ5byMi.Ye4oKoEa3Ro9llC/.og/at2.uheWG/igi',1,'8QKMfjFcfP','2023-06-03 17:32:33','2023-06-03 17:32:33'),
 (205,'Alice Goulet','gouletalice@mysite.com','2023-06-03 17:32:33','$2y$10$92IXUNpkjO0rOQ5byMi.Ye4oKoEa3Ro9llC/.og/at2.uheWG/igi',1,'3YQMA6KK9D','2023-06-03 17:32:33','2023-06-03 17:32:33'),
 (206,'Aimée Houle','haimee@mysite.com','2023-06-03 17:32:33','$2y$10$92IXUNpkjO0rOQ5byMi.Ye4oKoEa3Ro9llC/.og/at2.uheWG/igi',1,'VMZmkh80tk','2023-06-03 17:32:33','2023-06-03 17:32:33'),
 (207,'Sylvie Gagnon','gagnon-sylvie@yahoo.com','2023-06-03 17:32:33','$2y$10$92IXUNpkjO0rOQ5byMi.Ye4oKoEa3Ro9llC/.og/at2.uheWG/igi',1,'j0J4rePMgP','2023-06-03 17:32:33','2023-06-03 17:32:33'),
 (208,'Alexandre Leduc','lalexandre@mail.com','2023-06-03 17:32:33','$2y$10$92IXUNpkjO0rOQ5byMi.Ye4oKoEa3Ro9llC/.og/at2.uheWG/igi',1,'GUWZ2G0Mtm','2023-06-03 17:32:33','2023-06-03 17:32:33'),
 (209,'Marcel Tremblay','tremblaymarcel@mysite.com','2023-06-03 17:32:33','$2y$10$92IXUNpkjO0rOQ5byMi.Ye4oKoEa3Ro9llC/.og/at2.uheWG/igi',1,'PX4LNtwANP','2023-06-03 17:32:33','2023-06-03 17:32:33'),
 (210,'Jules Dion','jules-dion@example.com','2023-06-03 17:32:33','$2y$10$92IXUNpkjO0rOQ5byMi.Ye4oKoEa3Ro9llC/.og/at2.uheWG/igi',1,'CMj633p9kr','2023-06-03 17:32:33','2023-06-03 17:32:33'),
 (211,'Danielle Michaud','michaudd@mail.com','2023-06-03 17:32:33','$2y$10$92IXUNpkjO0rOQ5byMi.Ye4oKoEa3Ro9llC/.og/at2.uheWG/igi',1,'EaGliKW4Mn','2023-06-03 17:32:33','2023-06-03 17:32:33'),
 (212,'Aline Vachon','vachona@gmail.com','2023-06-03 17:32:33','$2y$10$92IXUNpkjO0rOQ5byMi.Ye4oKoEa3Ro9llC/.og/at2.uheWG/igi',1,'PlqK9chGmO','2023-06-03 17:32:33','2023-06-03 17:32:33'),
 (213,'François Cloutier','francois-cloutier@yahoo.com','2023-06-03 17:32:33','$2y$10$92IXUNpkjO0rOQ5byMi.Ye4oKoEa3Ro9llC/.og/at2.uheWG/igi',1,'ZeFnYu5GRw','2023-06-03 17:32:33','2023-06-03 17:32:33'),
 (214,'Louise Lemay','louiselemay@hotmail.com','2023-06-03 17:32:33','$2y$10$92IXUNpkjO0rOQ5byMi.Ye4oKoEa3Ro9llC/.og/at2.uheWG/igi',1,'k5Odf2IlJh','2023-06-03 17:32:33','2023-06-03 17:32:33'),
 (215,'Paulette Fortier','paulette-fortier@test.com','2023-06-03 17:32:33','$2y$10$92IXUNpkjO0rOQ5byMi.Ye4oKoEa3Ro9llC/.og/at2.uheWG/igi',1,'MtWzcdXkWv','2023-06-03 17:32:33','2023-06-03 17:32:33'),
 (216,'Aurore Langlois','aurorelanglois@yahoo.com','2023-06-03 17:32:33','$2y$10$92IXUNpkjO0rOQ5byMi.Ye4oKoEa3Ro9llC/.og/at2.uheWG/igi',1,'qPIapdgI4x','2023-06-03 17:32:33','2023-06-03 17:32:33'),
 (217,'Yvonne Boucher','yvonneboucher@example.com','2023-06-03 17:32:33','$2y$10$92IXUNpkjO0rOQ5byMi.Ye4oKoEa3Ro9llC/.og/at2.uheWG/igi',1,'Y8XIzJkB2E','2023-06-03 17:32:33','2023-06-03 17:32:33'),
 (218,'Isabelle Leblanc','leblanc-isabelle@gmail.com','2023-06-03 17:32:33','$2y$10$92IXUNpkjO0rOQ5byMi.Ye4oKoEa3Ro9llC/.og/at2.uheWG/igi',1,'fI4bDoYpUl','2023-06-03 17:32:33','2023-06-03 17:32:33'),
 (219,'Anne Fontaine','annefontaine@outlook.com','2023-06-03 17:32:33','$2y$10$92IXUNpkjO0rOQ5byMi.Ye4oKoEa3Ro9llC/.og/at2.uheWG/igi',1,'bELyUGmlxi','2023-06-03 17:32:33','2023-06-03 17:32:33'),
 (220,'Nancy Lemay','nancylemay@test.com','2023-06-03 17:32:33','$2y$10$92IXUNpkjO0rOQ5byMi.Ye4oKoEa3Ro9llC/.og/at2.uheWG/igi',1,'7ve3GBQb8R','2023-06-03 17:32:33','2023-06-03 17:32:33'),
 (221,'François Gagnon','fgagnon@fakedomain.com','2023-06-03 17:32:33','$2y$10$92IXUNpkjO0rOQ5byMi.Ye4oKoEa3Ro9llC/.og/at2.uheWG/igi',1,'bQ2R15jKKM','2023-06-03 17:32:33','2023-06-03 17:32:33'),
 (222,'Amélie Harvey','amelieh@mail.com','2023-06-03 17:32:33','$2y$10$92IXUNpkjO0rOQ5byMi.Ye4oKoEa3Ro9llC/.og/at2.uheWG/igi',1,'tfOt4AjTGl','2023-06-03 17:32:33','2023-06-03 17:32:33'),
 (223,'Marie Cloutier','cloutier-marie@mysite.com','2023-06-03 17:32:33','$2y$10$92IXUNpkjO0rOQ5byMi.Ye4oKoEa3Ro9llC/.og/at2.uheWG/igi',1,'S5ewE5Ee8p','2023-06-03 17:32:33','2023-06-03 17:32:33'),
 (224,'Audrey St-Pierre','st-pierreaudrey@fakedomain.com','2023-06-03 17:32:33','$2y$10$92IXUNpkjO0rOQ5byMi.Ye4oKoEa3Ro9llC/.og/at2.uheWG/igi',1,'ceTwL62WWz','2023-06-03 17:32:33','2023-06-03 17:32:33'),
 (225,'Madeleine Bergeron','madeleinebergeron@fakedomain.com','2023-06-03 17:32:33','$2y$10$92IXUNpkjO0rOQ5byMi.Ye4oKoEa3Ro9llC/.og/at2.uheWG/igi',1,'Jf5DI2Oewk','2023-06-03 17:32:33','2023-06-03 17:32:33'),
 (226,'Laurence Langlois','laurencelanglois@mail.com','2023-06-03 17:32:33','$2y$10$92IXUNpkjO0rOQ5byMi.Ye4oKoEa3Ro9llC/.og/at2.uheWG/igi',1,'uH5HNZa3mg','2023-06-03 17:32:33','2023-06-03 17:32:33'),
 (227,'Éric Couture','ericcouture@example.com','2023-06-03 17:32:33','$2y$10$92IXUNpkjO0rOQ5byMi.Ye4oKoEa3Ro9llC/.og/at2.uheWG/igi',1,'csbgIzk00A','2023-06-03 17:32:33','2023-06-03 17:32:33'),
 (228,'Timothée Dion','dtimothee@mail.com','2023-06-03 17:32:33','$2y$10$92IXUNpkjO0rOQ5byMi.Ye4oKoEa3Ro9llC/.og/at2.uheWG/igi',1,'sjezLWsf5t','2023-06-03 17:32:33','2023-06-03 17:32:33'),
 (229,'Christiane Legault','legaultc@test.com','2023-06-03 17:32:33','$2y$10$92IXUNpkjO0rOQ5byMi.Ye4oKoEa3Ro9llC/.og/at2.uheWG/igi',1,'KaAtgKXaRE','2023-06-03 17:32:33','2023-06-03 17:32:33'),
 (230,'Yvon Lachance','lachancey@hotmail.com','2023-06-03 17:32:33','$2y$10$92IXUNpkjO0rOQ5byMi.Ye4oKoEa3Ro9llC/.og/at2.uheWG/igi',1,'EVvswWQFq9','2023-06-03 17:32:33','2023-06-03 17:32:33'),
 (231,'Ann Lachance','lann@example.com','2023-06-03 17:32:33','$2y$10$92IXUNpkjO0rOQ5byMi.Ye4oKoEa3Ro9llC/.og/at2.uheWG/igi',1,'1LLF1bif5d','2023-06-03 17:32:33','2023-06-03 17:32:33'),
 (232,'Adrien Lapointe','adrienl@mysite.com','2023-06-03 17:32:33','$2y$10$92IXUNpkjO0rOQ5byMi.Ye4oKoEa3Ro9llC/.og/at2.uheWG/igi',1,'sKINY9yXFr','2023-06-03 17:32:33','2023-06-03 17:32:33'),
 (233,'Nathalie Grenier','ngrenier@fakedomain.com','2023-06-03 17:32:33','$2y$10$92IXUNpkjO0rOQ5byMi.Ye4oKoEa3Ro9llC/.og/at2.uheWG/igi',1,'JNnxEKvyai','2023-06-03 17:32:33','2023-06-03 17:32:33'),
 (234,'Bertrand Gauthier','gbertrand@example.com','2023-06-03 17:32:33','$2y$10$92IXUNpkjO0rOQ5byMi.Ye4oKoEa3Ro9llC/.og/at2.uheWG/igi',1,'AbthLuCvzq','2023-06-03 17:32:33','2023-06-03 17:32:33'),
 (235,'Annie Labelle','alabelle@fakedomain.com','2023-06-03 17:32:33','$2y$10$92IXUNpkjO0rOQ5byMi.Ye4oKoEa3Ro9llC/.og/at2.uheWG/igi',1,'ZX3iJvIcpW','2023-06-03 17:32:33','2023-06-03 17:32:33'),
 (236,'Aimée Lepage','lepage-aimee@hotmail.com','2023-06-03 17:32:33','$2y$10$92IXUNpkjO0rOQ5byMi.Ye4oKoEa3Ro9llC/.og/at2.uheWG/igi',1,'Ivwl0Wygcg','2023-06-03 17:32:33','2023-06-03 17:32:33'),
 (237,'Anthony Jacques','anthonyjacques@mysite.com','2023-06-03 17:32:33','$2y$10$92IXUNpkjO0rOQ5byMi.Ye4oKoEa3Ro9llC/.og/at2.uheWG/igi',1,'4aFolbUgUk','2023-06-03 17:32:33','2023-06-03 17:32:33'),
 (238,'Suzanne Poulin','suzanne-poulin@outlook.com','2023-06-03 17:32:33','$2y$10$92IXUNpkjO0rOQ5byMi.Ye4oKoEa3Ro9llC/.og/at2.uheWG/igi',1,'bNjz6HSEDi','2023-06-03 17:32:33','2023-06-03 17:32:33'),
 (239,'Élisabeth Champagne','elisabeth-champagne@outlook.com','2023-06-03 17:32:33','$2y$10$92IXUNpkjO0rOQ5byMi.Ye4oKoEa3Ro9llC/.og/at2.uheWG/igi',1,'fxprD38vjX','2023-06-03 17:32:33','2023-06-03 17:32:33'),
 (240,'Gérard Blanchette','gerard-blanchette@test.com','2023-06-03 17:32:33','$2y$10$92IXUNpkjO0rOQ5byMi.Ye4oKoEa3Ro9llC/.og/at2.uheWG/igi',1,'utaBqNiJXH','2023-06-03 17:32:33','2023-06-03 17:32:33'),
 (241,'Luc Simard','simardluc@gmail.com','2023-06-03 17:32:33','$2y$10$92IXUNpkjO0rOQ5byMi.Ye4oKoEa3Ro9llC/.og/at2.uheWG/igi',1,'0hq67DxIeq','2023-06-03 17:32:33','2023-06-03 17:32:33'),
 (242,'Andrée Lepage','lepageandree@gmail.com','2023-06-03 17:32:33','$2y$10$92IXUNpkjO0rOQ5byMi.Ye4oKoEa3Ro9llC/.og/at2.uheWG/igi',1,'2nVhX1MG7f','2023-06-03 17:32:33','2023-06-03 17:32:33'),
 (243,'Aurélie Nadeau','aurelien@gmail.com','2023-06-03 17:32:33','$2y$10$92IXUNpkjO0rOQ5byMi.Ye4oKoEa3Ro9llC/.og/at2.uheWG/igi',1,'PTerG5kcMr','2023-06-03 17:32:33','2023-06-03 17:32:33'),
 (244,'Anne Bélanger','belangera@mysite.com','2023-06-03 17:32:33','$2y$10$92IXUNpkjO0rOQ5byMi.Ye4oKoEa3Ro9llC/.og/at2.uheWG/igi',1,'j1FVTzPA6j','2023-06-03 17:32:33','2023-06-03 17:32:33'),
 (245,'Laurent Lambert','lambertlaurent@hotmail.com','2023-06-03 17:32:33','$2y$10$92IXUNpkjO0rOQ5byMi.Ye4oKoEa3Ro9llC/.og/at2.uheWG/igi',1,'pUAWZBwxJN','2023-06-03 17:32:33','2023-06-03 17:32:33'),
 (246,'Céline Houle','houleceline@fakedomain.com','2023-06-03 17:32:33','$2y$10$92IXUNpkjO0rOQ5byMi.Ye4oKoEa3Ro9llC/.og/at2.uheWG/igi',1,'9oxTjIP6L6','2023-06-03 17:32:33','2023-06-03 17:32:33'),
 (247,'Henri Bélanger','belangerh@mysite.com','2023-06-03 17:32:33','$2y$10$92IXUNpkjO0rOQ5byMi.Ye4oKoEa3Ro9llC/.og/at2.uheWG/igi',1,'Hiq7ZsheLW','2023-06-03 17:32:33','2023-06-03 17:32:33'),
 (248,'Xavier Hébert','hebertx@outlook.com','2023-06-03 17:32:33','$2y$10$92IXUNpkjO0rOQ5byMi.Ye4oKoEa3Ro9llC/.og/at2.uheWG/igi',1,'kliYvILavj','2023-06-03 17:32:33','2023-06-03 17:32:33'),
 (249,'Margot Poulin','poulinm@mysite.com','2023-06-03 17:32:33','$2y$10$92IXUNpkjO0rOQ5byMi.Ye4oKoEa3Ro9llC/.og/at2.uheWG/igi',1,'WAdJ1qpmRN','2023-06-03 17:32:33','2023-06-03 17:32:33'),
 (250,'Charlotte Paradis','paradis-charlotte@example.com','2023-06-03 17:32:33','$2y$10$92IXUNpkjO0rOQ5byMi.Ye4oKoEa3Ro9llC/.og/at2.uheWG/igi',1,'mA7jaciSrf','2023-06-03 17:32:33','2023-06-03 17:32:33'),
 (251,'Bertrand Dupuis','bertrandd@mail.com','2023-06-03 17:32:33','$2y$10$92IXUNpkjO0rOQ5byMi.Ye4oKoEa3Ro9llC/.og/at2.uheWG/igi',1,'Sku71qlZcA','2023-06-03 17:32:33','2023-06-03 17:32:33'),
 (252,'Pénélope Grenier','penelopeg@hotmail.com','2023-06-03 17:32:33','$2y$10$92IXUNpkjO0rOQ5byMi.Ye4oKoEa3Ro9llC/.og/at2.uheWG/igi',1,'70HquE0KFF','2023-06-03 17:32:33','2023-06-03 17:32:33'),
 (253,'Frédérique Blanchette','bfrederique@gmail.com','2023-06-03 17:32:33','$2y$10$92IXUNpkjO0rOQ5byMi.Ye4oKoEa3Ro9llC/.og/at2.uheWG/igi',1,'R3lMzw9BI2','2023-06-03 17:32:33','2023-06-03 17:32:33'),
 (254,'Augustine Lalonde','augustinelalonde@mail.com','2023-06-03 17:32:33','$2y$10$92IXUNpkjO0rOQ5byMi.Ye4oKoEa3Ro9llC/.og/at2.uheWG/igi',1,'HR1mmTmtBz','2023-06-03 17:32:33','2023-06-03 17:32:33'),
 (255,'Mathieu Lapointe','lapointe-mathieu@example.com','2023-06-03 17:32:33','$2y$10$92IXUNpkjO0rOQ5byMi.Ye4oKoEa3Ro9llC/.og/at2.uheWG/igi',1,'w0YhXTbEUy','2023-06-03 17:32:33','2023-06-03 17:32:33'),
 (256,'Bernard Ouellet','ouellet-bernard@mail.com','2023-06-03 17:32:33','$2y$10$92IXUNpkjO0rOQ5byMi.Ye4oKoEa3Ro9llC/.og/at2.uheWG/igi',1,'6qF7iIRkv7','2023-06-03 17:32:33','2023-06-03 17:32:33'),
 (257,'Léon Gaudreault','leong@hotmail.com','2023-06-03 17:32:33','$2y$10$92IXUNpkjO0rOQ5byMi.Ye4oKoEa3Ro9llC/.og/at2.uheWG/igi',1,'5TJq9EaTsb','2023-06-03 17:32:33','2023-06-03 17:32:33'),
 (258,'Pénélope Deschênes','pdeschenes@gmail.com','2023-06-03 17:32:33','$2y$10$92IXUNpkjO0rOQ5byMi.Ye4oKoEa3Ro9llC/.og/at2.uheWG/igi',1,'uYAUPOLN3k','2023-06-03 17:32:33','2023-06-03 17:32:33'),
 (259,'Bernard Leblanc','bernardleblanc@test.com','2023-06-03 17:32:33','$2y$10$92IXUNpkjO0rOQ5byMi.Ye4oKoEa3Ro9llC/.og/at2.uheWG/igi',1,'hzCURZor0G','2023-06-03 17:32:33','2023-06-03 17:32:33'),
 (260,'Simone Dubé','dsimone@yahoo.com','2023-06-03 17:32:33','$2y$10$92IXUNpkjO0rOQ5byMi.Ye4oKoEa3Ro9llC/.og/at2.uheWG/igi',1,'0M8HgH9Xpz','2023-06-03 17:32:33','2023-06-03 17:32:33'),
 (261,'Claudine Renaud','rclaudine@mysite.com','2023-06-03 17:32:33','$2y$10$92IXUNpkjO0rOQ5byMi.Ye4oKoEa3Ro9llC/.og/at2.uheWG/igi',1,'qa5VrzrBx8','2023-06-03 17:32:33','2023-06-03 17:32:33'),
 (262,'Bernard Nadeau','nadeau-bernard@aol.com','2023-06-03 17:32:33','$2y$10$92IXUNpkjO0rOQ5byMi.Ye4oKoEa3Ro9llC/.og/at2.uheWG/igi',1,'BVUooQWKTJ','2023-06-03 17:32:33','2023-06-03 17:32:33'),
 (263,'Sylvie Grenier','greniers@gmail.com','2023-06-03 17:32:33','$2y$10$92IXUNpkjO0rOQ5byMi.Ye4oKoEa3Ro9llC/.og/at2.uheWG/igi',1,'iPBhNj1Eyf','2023-06-03 17:32:33','2023-06-03 17:32:33'),
 (264,'Noël Cloutier','noel-cloutier@gmail.com','2023-06-03 17:32:33','$2y$10$92IXUNpkjO0rOQ5byMi.Ye4oKoEa3Ro9llC/.og/at2.uheWG/igi',1,'XWheqZVN5k','2023-06-03 17:32:33','2023-06-03 17:32:33'),
 (265,'Manon Bergeron','bergeron-manon@hotmail.com','2023-06-03 17:32:33','$2y$10$92IXUNpkjO0rOQ5byMi.Ye4oKoEa3Ro9llC/.og/at2.uheWG/igi',1,'nPqidcj2QZ','2023-06-03 17:32:33','2023-06-03 17:32:33'),
 (266,'Marc Hamel','marchamel@mysite.com','2023-06-03 17:32:33','$2y$10$92IXUNpkjO0rOQ5byMi.Ye4oKoEa3Ro9llC/.og/at2.uheWG/igi',1,'IyOWgAJ0jy','2023-06-03 17:32:33','2023-06-03 17:32:33'),
 (267,'Martin Harvey','harvey-martin@example.com','2023-06-03 17:32:33','$2y$10$92IXUNpkjO0rOQ5byMi.Ye4oKoEa3Ro9llC/.og/at2.uheWG/igi',1,'rwy8rlDS5j','2023-06-03 17:32:33','2023-06-03 17:32:33'),
 (268,'Mathieu Thibault','thibaultmathieu@yahoo.com','2023-06-03 17:32:33','$2y$10$92IXUNpkjO0rOQ5byMi.Ye4oKoEa3Ro9llC/.og/at2.uheWG/igi',1,'B4Bkgd8R8g','2023-06-03 17:32:33','2023-06-03 17:32:33'),
 (269,'Luce Simard','luces@mail.com','2023-06-03 17:32:33','$2y$10$92IXUNpkjO0rOQ5byMi.Ye4oKoEa3Ro9llC/.og/at2.uheWG/igi',1,'lHmRvwqjB2','2023-06-03 17:32:33','2023-06-03 17:32:33'),
 (270,'Pénélope Fortier','fortierp@test.com','2023-06-03 17:32:33','$2y$10$92IXUNpkjO0rOQ5byMi.Ye4oKoEa3Ro9llC/.og/at2.uheWG/igi',1,'OZ44pj6kk7','2023-06-03 17:32:33','2023-06-03 17:32:33'),
 (271,'Laurent Hébert','lhebert@fakedomain.com','2023-06-03 17:32:33','$2y$10$92IXUNpkjO0rOQ5byMi.Ye4oKoEa3Ro9llC/.og/at2.uheWG/igi',1,'n7uvUx2GR7','2023-06-03 17:32:33','2023-06-03 17:32:33'),
 (272,'Brigitte Gauthier','gauthier-brigitte@gmail.com','2023-06-03 17:32:33','$2y$10$92IXUNpkjO0rOQ5byMi.Ye4oKoEa3Ro9llC/.og/at2.uheWG/igi',1,'AEgZCpSruw','2023-06-03 17:32:33','2023-06-03 17:32:33'),
 (273,'Claire Deschênes','claire-deschenes@gmail.com','2023-06-03 17:32:33','$2y$10$92IXUNpkjO0rOQ5byMi.Ye4oKoEa3Ro9llC/.og/at2.uheWG/igi',1,'iLyaVZw2gq','2023-06-03 17:32:33','2023-06-03 17:32:33'),
 (274,'Charles Parent','parentc@mail.com','2023-06-03 17:32:34','$2y$10$92IXUNpkjO0rOQ5byMi.Ye4oKoEa3Ro9llC/.og/at2.uheWG/igi',1,'yHzKuuYo80','2023-06-03 17:32:34','2023-06-03 17:32:34'),
 (275,'Érika Cloutier','erikacloutier@aol.com','2023-06-03 17:32:34','$2y$10$92IXUNpkjO0rOQ5byMi.Ye4oKoEa3Ro9llC/.og/at2.uheWG/igi',1,'oU2HQ2ta0C','2023-06-03 17:32:34','2023-06-03 17:32:34'),
 (276,'Élise Bergeron','bergeronelise@gmail.com','2023-06-03 17:32:34','$2y$10$92IXUNpkjO0rOQ5byMi.Ye4oKoEa3Ro9llC/.og/at2.uheWG/igi',1,'oTC1x7AIHl','2023-06-03 17:32:34','2023-06-03 17:32:34'),
 (277,'Hugues Beaudoin','beaudoin-hugues@yahoo.com','2023-06-03 17:32:34','$2y$10$92IXUNpkjO0rOQ5byMi.Ye4oKoEa3Ro9llC/.og/at2.uheWG/igi',1,'K1EjWar3yn','2023-06-03 17:32:34','2023-06-03 17:32:34'),
 (278,'Zoé Langlois','lzoe@yahoo.com','2023-06-03 17:32:34','$2y$10$92IXUNpkjO0rOQ5byMi.Ye4oKoEa3Ro9llC/.og/at2.uheWG/igi',1,'lVuXPFxL2s','2023-06-03 17:32:34','2023-06-03 17:32:34'),
 (279,'Aimé Proulx','proulxa@mail.com','2023-06-03 17:32:34','$2y$10$92IXUNpkjO0rOQ5byMi.Ye4oKoEa3Ro9llC/.og/at2.uheWG/igi',1,'Dw0THHiUxV','2023-06-03 17:32:34','2023-06-03 17:32:34'),
 (280,'Aimé Perreault','perreaultaime@outlook.com','2023-06-03 17:32:34','$2y$10$92IXUNpkjO0rOQ5byMi.Ye4oKoEa3Ro9llC/.og/at2.uheWG/igi',1,'FxkMOXfT97','2023-06-03 17:32:34','2023-06-03 17:32:34'),
 (281,'Louise Couture','couture-louise@outlook.com','2023-06-03 17:32:34','$2y$10$92IXUNpkjO0rOQ5byMi.Ye4oKoEa3Ro9llC/.og/at2.uheWG/igi',1,'5uSbsAod02','2023-06-03 17:32:34','2023-06-03 17:32:34'),
 (282,'Aurore Savard','auroresavard@mysite.com','2023-06-03 17:32:34','$2y$10$92IXUNpkjO0rOQ5byMi.Ye4oKoEa3Ro9llC/.og/at2.uheWG/igi',1,'Uq2kFdxse2','2023-06-03 17:32:34','2023-06-03 17:32:34'),
 (283,'Rolande Paradis','paradis-rolande@yahoo.com','2023-06-03 17:32:34','$2y$10$92IXUNpkjO0rOQ5byMi.Ye4oKoEa3Ro9llC/.og/at2.uheWG/igi',1,'q8Z2piMMWG','2023-06-03 17:32:34','2023-06-03 17:32:34'),
 (284,'Christiane Gilbert','gilbertc@fakedomain.com','2023-06-03 17:32:34','$2y$10$92IXUNpkjO0rOQ5byMi.Ye4oKoEa3Ro9llC/.og/at2.uheWG/igi',1,'8sAX9HgSRL','2023-06-03 17:32:34','2023-06-03 17:32:34'),
 (285,'Arianne Simard','asimard@yahoo.com','2023-06-03 17:32:34','$2y$10$92IXUNpkjO0rOQ5byMi.Ye4oKoEa3Ro9llC/.og/at2.uheWG/igi',1,'tiWH65dMkn','2023-06-03 17:32:34','2023-06-03 17:32:34'),
 (286,'Richard Trudel','trudelrichard@example.com','2023-06-03 17:32:34','$2y$10$92IXUNpkjO0rOQ5byMi.Ye4oKoEa3Ro9llC/.og/at2.uheWG/igi',1,'7H5L5e8Qsc','2023-06-03 17:32:34','2023-06-03 17:32:34'),
 (287,'Suzanne Legault','suzannelegault@aol.com','2023-06-03 17:32:34','$2y$10$92IXUNpkjO0rOQ5byMi.Ye4oKoEa3Ro9llC/.og/at2.uheWG/igi',1,'tvle9k13Bq','2023-06-03 17:32:34','2023-06-03 17:32:34'),
 (288,'Louis Martin','mlouis@mail.com','2023-06-03 17:32:34','$2y$10$92IXUNpkjO0rOQ5byMi.Ye4oKoEa3Ro9llC/.og/at2.uheWG/igi',1,'uyPdjjmX6C','2023-06-03 17:32:34','2023-06-03 17:32:34'),
 (289,'Philippe Gingras','philippeg@gmail.com','2023-06-03 17:32:34','$2y$10$92IXUNpkjO0rOQ5byMi.Ye4oKoEa3Ro9llC/.og/at2.uheWG/igi',1,'UaLpDp62ue','2023-06-03 17:32:34','2023-06-03 17:32:34'),
 (290,'Simone Fortin','simone-fortin@aol.com','2023-06-03 17:32:34','$2y$10$92IXUNpkjO0rOQ5byMi.Ye4oKoEa3Ro9llC/.og/at2.uheWG/igi',1,'CimAtJ1po7','2023-06-03 17:32:34','2023-06-03 17:32:34'),
 (291,'Christophe Bernier','christophebernier@outlook.com','2023-06-03 17:32:34','$2y$10$92IXUNpkjO0rOQ5byMi.Ye4oKoEa3Ro9llC/.og/at2.uheWG/igi',1,'Jtb8scpKLl','2023-06-03 17:32:34','2023-06-03 17:32:34'),
 (292,'Louise Perron','perronlouise@mail.com','2023-06-03 17:32:34','$2y$10$92IXUNpkjO0rOQ5byMi.Ye4oKoEa3Ro9llC/.og/at2.uheWG/igi',1,'Ina9zatZqq','2023-06-03 17:32:34','2023-06-03 17:32:34'),
 (293,'Rémy Desrosiers','desrosiers-remy@yahoo.com','2023-06-03 17:32:34','$2y$10$92IXUNpkjO0rOQ5byMi.Ye4oKoEa3Ro9llC/.og/at2.uheWG/igi',1,'lTdwSNltga','2023-06-03 17:32:34','2023-06-03 17:32:34'),
 (294,'Eugénie Landry','landrye@fakedomain.com','2023-06-03 17:32:34','$2y$10$92IXUNpkjO0rOQ5byMi.Ye4oKoEa3Ro9llC/.og/at2.uheWG/igi',1,'0BMTemJgzg','2023-06-03 17:32:34','2023-06-03 17:32:34'),
 (295,'Richard Vachon','rvachon@aol.com','2023-06-03 17:32:34','$2y$10$92IXUNpkjO0rOQ5byMi.Ye4oKoEa3Ro9llC/.og/at2.uheWG/igi',1,'F7owK93i2Q','2023-06-03 17:32:34','2023-06-03 17:32:34'),
 (296,'Andrée Martel','martela@example.com','2023-06-03 17:32:34','$2y$10$92IXUNpkjO0rOQ5byMi.Ye4oKoEa3Ro9llC/.og/at2.uheWG/igi',1,'EgmVj4vcwG','2023-06-03 17:32:34','2023-06-03 17:32:34'),
 (297,'Alysson Allard','alyssonallard@test.com','2023-06-03 17:32:34','$2y$10$92IXUNpkjO0rOQ5byMi.Ye4oKoEa3Ro9llC/.og/at2.uheWG/igi',1,'ySipwwlDSJ','2023-06-03 17:32:34','2023-06-03 17:32:34'),
 (298,'Cécile Tardif','cecilet@gmail.com','2023-06-03 17:32:34','$2y$10$92IXUNpkjO0rOQ5byMi.Ye4oKoEa3Ro9llC/.og/at2.uheWG/igi',1,'AdXXDZsqbF','2023-06-03 17:32:34','2023-06-03 17:32:34'),
 (299,'Roland Parent','parentroland@example.com','2023-06-03 17:32:34','$2y$10$92IXUNpkjO0rOQ5byMi.Ye4oKoEa3Ro9llC/.og/at2.uheWG/igi',1,'UsuvwtKCWp','2023-06-03 17:32:34','2023-06-03 17:32:34'),
 (300,'Grégory Guay','gregory-guay@test.com','2023-06-03 17:32:34','$2y$10$92IXUNpkjO0rOQ5byMi.Ye4oKoEa3Ro9llC/.og/at2.uheWG/igi',1,'GkIF33sYd9','2023-06-03 17:32:34','2023-06-03 17:32:34'),
 (301,'Isabelle Hamel','ihamel@mysite.com','2023-06-03 17:32:34','$2y$10$92IXUNpkjO0rOQ5byMi.Ye4oKoEa3Ro9llC/.og/at2.uheWG/igi',1,'iMyFa9H4bv','2023-06-03 17:32:34','2023-06-03 17:32:34'),
 (302,'Éric Lachance','lachance@example.com','2023-06-03 17:32:34','$2y$10$92IXUNpkjO0rOQ5byMi.Ye4oKoEa3Ro9llC/.og/at2.uheWG/igi',1,'BZOCoEGOXz','2023-06-03 17:32:34','2023-06-03 17:32:34');
INSERT INTO "schools" ("id","name","abbr","slug","address","created_at","updated_at") VALUES
 (1,'Université d''Aquilonia','U.D.','universite-d''aquilonia','Rue de la Liberté 12','2023-06-03 17:32:31','2023-06-07 01:26:21'),
 (2,'Institut du Futur','IDF','institut-du-futur','Rue de la Science 37, 1040 Bruxelles','2023-06-03 17:32:31','2023-06-03 17:32:31'),
 (3,'École des Merveilles','EDM','ecole-des-merveilles','Rue de la Magie 42, 1040 Bruxelles','2023-06-03 17:32:31','2023-06-03 17:32:31'),
 (4,'Université d''Océania','UOC','universite-d-oceania','Rue de l''Océan 42, 1040 Lyon','2023-06-03 17:32:31','2023-06-03 17:32:31'),
 (5,'Institut des Hautes Études','IHE','institut-des-hautes-etudes','Rue de la Philosophie 42, 104012 Paris','2023-06-03 17:32:31','2023-06-03 17:32:31'),
 (7,'École des choses splendides','É.D.C.S.','ecole-des-choses-splendides',NULL,'2023-06-12 20:01:16','2023-06-12 20:01:16');
INSERT INTO "departments" ("id","code","name","abbr","slug","school_id","created_at","updated_at") VALUES
 (1,'UA-859','Département de Sciences naturelles','DSN','departement-de-sciences-naturelles',1,'2023-06-03 17:32:31','2023-06-03 17:32:31'),
 (2,'UA-784','Département de Langues et Littératures','DLL','departement-de-langues-et-litteratures',1,'2023-06-03 17:32:31','2023-06-03 17:32:31'),
 (3,'UA-459','Département d''Ingénierie et de Technologie','DIT','departement-d-ingenierie-et-de-technologie',1,'2023-06-03 17:32:31','2023-06-03 17:32:31'),
 (4,'UA-346','Département de Sciences sociales','DSS','departement-de-sciences-sociales',1,'2023-06-03 17:32:31','2023-06-03 17:32:31'),
 (5,'UA-179','Département d''Arts et de Design','DAD','departement-d-arts-et-de-design',1,'2023-06-03 17:32:31','2023-06-03 17:32:31'),
 (6,'UA-393','Département de Robotique et d''Intelligence artificielle','DRIA','departement-de-robotique-et-d-intelligence-artificielle',1,'2023-06-03 17:32:31','2023-06-03 17:32:31'),
 (7,'UA-527','Département de Bio-ingénierie','DBI','departement-de-bio-ingenierie',1,'2023-06-03 17:32:31','2023-06-03 17:32:31'),
 (8,'UA-949','Département d''Énergies renouvelables','DER','departement-d-energies-renouvelables',1,'2023-06-03 17:32:31','2023-06-03 17:32:31'),
 (9,'UA-183','Département d''Études spatiales','DES','departement-d-etudes-spatiales',1,'2023-06-03 17:32:31','2023-06-03 17:32:31'),
 (10,'UA-262','Département de Gestion de l''Innovation','DGI','departement-de-gestion-de-l-innovation',1,'2023-06-03 17:32:31','2023-06-03 17:32:31'),
 (11,'IDF-482','Département de Robotique et d''Intelligence artificielle','DRIA','departement-de-robotique-et-d-intelligence-artificielle',2,'2023-06-03 17:32:31','2023-06-03 17:32:31'),
 (12,'IDF-949','Département de Bio-ingénierie','DBI','departement-de-bio-ingenierie',2,'2023-06-03 17:32:31','2023-06-03 17:32:31'),
 (13,'IDF-294','Département d''Énergies renouvelables','DER','departement-d-energies-renouvelables',2,'2023-06-03 17:32:31','2023-06-03 17:32:31'),
 (14,'IDF-979','Département d''Études spatiales','DES','departement-d-etudes-spatiales',2,'2023-06-03 17:32:31','2023-06-03 17:32:31'),
 (15,'IDF-410','Département de Gestion de l''Innovation','DGI','departement-de-gestion-de-l-innovation',2,'2023-06-03 17:32:31','2023-06-03 17:32:31'),
 (16,'EDM-482','Département de Magie et Sorcellerie','DMS','departement-de-magie-et-sorcellerie',3,'2023-06-03 17:32:31','2023-06-03 17:32:31'),
 (17,'EDM-205','Département de Créatures fantastiques','DCF','departement-de-creatures-fantastiques',3,'2023-06-03 17:32:31','2023-06-03 17:32:31'),
 (18,'EDM-764','Département d''Études alchimiques','DEA','departement-d-etudes-alchimiques',3,'2023-06-03 17:32:31','2023-06-03 17:32:31'),
 (19,'EDM-809','Département de Divination et Prédictions','DDP','departement-de-divination-et-predictions',3,'2023-06-03 17:32:31','2023-06-03 17:32:31'),
 (20,'EDM-141','Département d''Histoire des mondes imaginaires','DHMI','departement-d-histoire-des-mondes-imaginaires',3,'2023-06-03 17:32:31','2023-06-03 17:32:31'),
 (21,'UOC-482','Département de Biologie marine','DBM','departement-de-biologie-marine',4,'2023-06-03 17:32:31','2023-06-03 17:32:31'),
 (22,'UOC-205','Département de Géologie océanique','DGO','departement-de-geologie-oceanique',4,'2023-06-03 17:32:31','2023-06-03 17:32:31'),
 (23,'UOC-764','Département d''Études maritimes et de Navigation','DEMN','departement-d-etudes-maritimes-et-de-navigation',4,'2023-06-03 17:32:31','2023-06-03 17:32:31'),
 (24,'UOC-809','Département d''Économie des ressources marines','DERM','departement-d-economie-des-ressources-marines',4,'2023-06-03 17:32:31','2023-06-03 17:32:31'),
 (25,'UOC-141','Département de Protection de l''environnement marin','DPEM','departement-de-protection-de-l-environnement-marin',4,'2023-06-03 17:32:31','2023-06-03 17:32:31'),
 (26,'IHE-482','Département de Philosophie et d''Éthique','DPE','departement-de-philosophie-et-d-ethique',5,'2023-06-03 17:32:31','2023-06-03 17:32:31'),
 (27,'IHE-205','Département d''Histoire de l''Art','DHA','departement-d-histoire-de-l-art',5,'2023-06-03 17:32:31','2023-06-03 17:32:31'),
 (28,'IHE-764','Département de Sciences politiques','DSP','departement-de-sciences-politiques',5,'2023-06-03 17:32:31','2023-06-03 17:32:31'),
 (29,'IHE-809','Département de Psychologie et de Neurosciences','DPN','departement-de-psychologie-et-de-neurosciences',5,'2023-06-03 17:32:31','2023-06-03 17:32:31'),
 (30,'IHE-141','Département de Littérature comparée','DLC','departement-de-litterature-comparee',5,'2023-06-03 17:32:31','2023-06-03 17:32:31');
INSERT INTO "courses" ("id","code","title","abbr","slug","department_id","created_at","updated_at") VALUES
 (1,'895-B9R-RJ','Biologie cellulaire avancée','BCA','biologie-cellulaire-avancee',1,'2023-06-03 17:32:31','2023-06-03 17:32:31'),
 (2,'895-J2Q-UN','Chimie organique et synthèse','COS','chimie-organique-et-synthese',1,'2023-06-03 17:32:31','2023-06-03 17:32:31'),
 (3,'895-X7G-NF','Physique quantique et particulaire','PQP','physique-quantique-et-particulaire',1,'2023-06-03 17:32:31','2023-06-03 17:32:31'),
 (4,'895-G2T-CJ','Géologie des ressources naturelles','GRN','geologie-des-ressources-naturelles',1,'2023-06-03 17:32:31','2023-06-03 17:32:31'),
 (5,'895-Z9P-BY','Écologie et conservation de l''environnement','ECE','ecologie-et-conservation-de-l-environnement',1,'2023-06-03 17:32:31','2023-06-03 17:32:31'),
 (6,'784-M8S-XI','Littérature comparée : grands classiques mondiaux','LCGCM','litterature-comparee-grands-classiques-mondiaux',2,'2023-06-03 17:32:31','2023-06-03 17:32:31'),
 (7,'784-L0M-PV','Linguistique : théories et applications','LTTA','linguistique-theories-et-applications',2,'2023-06-03 17:32:31','2023-06-03 17:32:31'),
 (8,'784-U6D-FQ','Traduction littéraire et interculturelle','TLI','traduction-litteraire-et-interculturelle',2,'2023-06-03 17:32:31','2023-06-03 17:32:31'),
 (9,'784-J9V-GO','Études de genre dans la littérature contemporaine','EGLC','etudes-de-genre-dans-la-litterature-contemporaine',2,'2023-06-03 17:32:31','2023-06-03 17:32:31'),
 (10,'784-R7V-JD','Langues étrangères : conversation avancée et culture','LECAC','langues-etrangeres-conversation-avancee-et-culture',2,'2023-06-03 17:32:31','2023-06-03 17:32:31'),
 (11,'459-I7S-AW','Génie civil : structures et infrastructures','GCSI','genie-civil-structures-et-infrastructures',3,'2023-06-03 17:32:31','2023-06-03 17:32:31'),
 (12,'194-B9L-WX','Ingénierie électrique et systèmes de puissance','IESP','ingenierie-electrique-et-systemes-de-puissance',3,'2023-06-03 17:32:31','2023-06-03 17:32:31'),
 (13,'437-O7C-PL','Informatique avancée : algorithmes et optimisation','IAAO','informatique-avancee-algorithmes-et-optimisation',3,'2023-06-03 17:32:31','2023-06-03 17:32:31'),
 (14,'198-E3S-QK','Mécanique des fluides et aérodynamique','MFA','mecanique-des-fluides-et-aerodynamique',3,'2023-06-03 17:32:31','2023-06-03 17:32:31'),
 (15,'393-B0A-LK','Génie mécanique : conception et fabrication','GMCF','genie-mecanique-conception-et-fabrication',3,'2023-06-03 17:32:31','2023-06-03 17:32:31'),
 (16,'346-Z9P-BY','Sociologie des inégalités et des mouvements sociaux','SIEMS','sociologie-des-inegalites-et-des-mouvements-sociaux',4,'2023-06-03 17:32:31','2023-06-03 17:32:31'),
 (17,'784-M8S-XI','Psychologie sociale : comportement individuel et collectif','PSCIC','psychologie-sociale-comportement-individuel-et-collectif',4,'2023-06-03 17:32:31','2023-06-03 17:32:31'),
 (18,'262-L0M-PV','Économie politique : théories et pratiques contemporaines','EPTPC','economie-politique-theories-et-pratiques-contemporaines',4,'2023-06-03 17:32:31','2023-06-03 17:32:31'),
 (19,'140-U6D-FQ','Anthropologie culturelle : diversité et multiculturalisme','ACDM','anthropologie-culturelle-diversite-et-multiculturalisme',4,'2023-06-03 17:32:31','2023-06-03 17:32:31'),
 (20,'281-B9L-WX','Histoire de l''art : de la Renaissance à nos jours','HARNJ','histoire-de-l-art-de-la-renaissance-a-nos-jours',4,'2023-06-03 17:32:31','2023-06-03 17:32:31'),
 (21,'179-R7V-JD','Histoire de l''art : mouvements et courants artistiques','HMACA','histoire-de-l-art-mouvements-et-courants-artistiques',5,'2023-06-03 17:32:31','2023-06-03 17:32:31'),
 (22,'179-I7S-AW','Création artistique multimédia','CAM','creation-artistique-multimedia',5,'2023-06-03 17:32:31','2023-06-03 17:32:31'),
 (23,'179-B9L-WX','Design industriel : conception de produits innovants','DICPI','design-industriel-conception-de-produits-innovants',5,'2023-06-03 17:32:31','2023-06-03 17:32:31'),
 (24,'179-O7C-PL','Théâtre et performance : théories et pratiques','TPTP','theatre-et-performance-theories-et-pratiques',5,'2023-06-03 17:32:31','2023-06-03 17:32:31'),
 (25,'179-E3S-QK','Photographie et expression visuelle contemporaine','PEVC','photographie-et-expression-visuelle-contemporaine',5,'2023-06-03 17:32:31','2023-06-03 17:32:31'),
 (26,'393-B0A-LK','Programmation avancée en robotique','PAER','programmation-avancee-en-robotique',6,'2023-06-03 17:32:31','2023-06-03 17:32:31'),
 (27,'393-A8K-VU','Vision par ordinateur et reconnaissance des formes','VORF','vision-par-ordinateur-et-reconnaissance-des-formes',6,'2023-06-03 17:32:31','2023-06-03 17:32:31'),
 (28,'393-V0O-EY','Apprentissage automatique et réseaux neuronaux','AARN','apprentissage-automatique-et-reseaux-neuronaux',6,'2023-06-03 17:32:31','2023-06-03 17:32:31'),
 (29,'393-G1Q-AW','Éthique de l''intelligence artificielle','EIA','ethique-de-l-intelligence-artificielle',6,'2023-06-03 17:32:31','2023-06-03 17:32:31'),
 (30,'393-Q4Z-WK','Robotique autonome et interaction homme-machine','RAIHM','robotique-autonome-et-interaction-homme-machine',6,'2023-06-03 17:32:31','2023-06-03 17:32:31'),
 (31,'527-J5Q-LR','Génie génétique et modification du génome','GGMG','genie-genetique-et-modification-du-genome',7,'2023-06-03 17:32:31','2023-06-03 17:32:31'),
 (32,'527-N2T-ZG','Biotechnologie médicale et pharmaceutique','BMP','biotechnologie-medicale-et-pharmaceutique',7,'2023-06-03 17:32:31','2023-06-03 17:32:31'),
 (33,'527-R9D-QJ','Imagerie médicale et diagnostic avancé','IMDA','imagerie-medicale-et-diagnostic-avance',7,'2023-06-03 17:32:31','2023-06-03 17:32:31'),
 (34,'527-P5C-YB','Ingénierie des tissus et organes artificiels','ITOA','ingenierie-des-tissus-et-organes-artificiels',7,'2023-06-03 17:32:31','2023-06-03 17:32:31'),
 (35,'527-C6T-NE','Bioéthique et droit de la santé','BDS','bioethique-et-droit-de-la-sante',7,'2023-06-03 17:32:31','2023-06-03 17:32:31'),
 (36,'949-R8U-RP','Programmation avancée en robotique','PAER','programmation-avancee-en-robotique',8,'2023-06-03 17:32:31','2023-06-03 17:32:31'),
 (37,'949-T2X-NZ','Vision par ordinateur et reconnaissance des formes','VORF','vision-par-ordinateur-et-reconnaissance-des-formes',8,'2023-06-03 17:32:31','2023-06-03 17:32:31'),
 (38,'949-Z5O-YV','Apprentissage automatique et réseaux neuronaux','AARN','apprentissage-automatique-et-reseaux-neuronaux',8,'2023-06-03 17:32:31','2023-06-03 17:32:31'),
 (39,'949-O3A-UI','Éthique de l''intelligence artificielle','EIA','ethique-de-l-intelligence-artificielle',8,'2023-06-03 17:32:31','2023-06-03 17:32:31'),
 (40,'949-B9R-RJ','Robotique autonome et interaction homme-machine','RAIHM','robotique-autonome-et-interaction-homme-machine',8,'2023-06-03 17:32:31','2023-06-03 17:32:31'),
 (41,'183-J2Q-UN','Génie génétique et modification du génome','GGMG','genie-genetique-et-modification-du-genome',9,'2023-06-03 17:32:31','2023-06-03 17:32:31'),
 (42,'183-X7G-NF','Biotechnologie médicale et pharmaceutique','BMP','biotechnologie-medicale-et-pharmaceutique',9,'2023-06-03 17:32:31','2023-06-03 17:32:31'),
 (43,'183-G2T-CJ','Imagerie médicale et diagnostic avancé','IMDA','imagerie-medicale-et-diagnostic-avance',9,'2023-06-03 17:32:31','2023-06-03 17:32:31'),
 (44,'183-Z9P-BY','Ingénierie des tissus et organes artificiels','ITOA','ingenierie-des-tissus-et-organes-artificiels',9,'2023-06-03 17:32:31','2023-06-03 17:32:31'),
 (45,'183-M8S-XI','Bioéthique et droit de la santé','BDS','bioethique-et-droit-de-la-sante',9,'2023-06-03 17:32:31','2023-06-03 17:32:31'),
 (46,'262-L0M-PV','Énergie solaire : conversion et stockage','ESC','energie-solaire-conversion-et-stockage',10,'2023-06-03 17:32:31','2023-06-03 17:32:31'),
 (47,'262-U6D-FQ','Énergie éolienne : conception et gestion de parcs','EECGP','energie-eolienne-conception-et-gestion-de-parcs',10,'2023-06-03 17:32:31','2023-06-03 17:32:31'),
 (48,'262-J9V-GO','Systèmes de stockage d''énergie avancés','SSEA','systemes-de-stockage-d-energie-avances',10,'2023-06-03 17:32:31','2023-06-03 17:32:31'),
 (49,'262-R7V-JD','Énergie hydraulique et marémotrice','EHM','energie-hydraulique-et-maremotrice',10,'2023-06-03 17:32:31','2023-06-03 17:32:31'),
 (50,'262-B6C-FA','Gestion de l''énergie et des réseaux électriques','GERE','gestion-de-l-energie-et-des-reseaux-electriques',10,'2023-06-03 17:32:31','2023-06-03 17:32:31');
INSERT INTO "teachers" ("id","code","first_name","last_name","slug","address","user_id","department_id","created_at","updated_at") VALUES
 (1,'68393','Gabrielle','Tardif','tardif-gabrielle','2811 Autoroute Bernier Bureau 123, St-Luc, NL Q0Y 9S2',3,1,'2023-06-03 17:32:32','2023-06-03 17:32:32'),
 (2,'97053','Catherine','Gauthier','gauthier-catherine','13 Rue Eugénie Bureau 502, Saint-Arthur, ON R3Z6O0',4,1,'2023-06-03 17:32:32','2023-06-03 17:32:32'),
 (3,'45286','Benjamin','Lapierre','lapierre-benjamin','133 Boulevard Christiane, St-Ann, SK P8C7M7',5,1,'2023-06-03 17:32:32','2023-06-03 17:32:32'),
 (4,'67667','Monique','Mercier','mercier-monique','3 Route Parent Bureau 384, Sainte-Jacqueline, MB Z3P 0I2',6,1,'2023-06-03 17:32:32','2023-06-03 17:32:32'),
 (5,'14806','Zacharie','Langlois','langlois-zacharie','83 Rue Luc Bureau 236, Saint-Martin-d''Irlande, AB J2E4I7',7,1,'2023-06-03 17:32:32','2023-06-03 17:32:32'),
 (6,'12965','Martin','Dubé','dube-martin','5404 Avenue Bernard Bureau 052, Sainte-Dominic-des-Anges, NS W0Y 7F0',8,1,'2023-06-03 17:32:32','2023-06-03 17:32:32'),
 (7,'64716','Dominic','Allard','allard-dominic','8958 Boulevard Marthe Bureau 667, Saint-Roger, ON U0Y 2G0',9,1,'2023-06-03 17:32:32','2023-06-03 17:32:32'),
 (8,'05122','Guillaume','Thériault','theriault-guillaume','77370 Avenue Allard Suite 821, Saint-Érika, AB O4E6S0',10,1,'2023-06-03 17:32:32','2023-06-03 17:32:32'),
 (9,'41383','Frédérique','Thibault','thibault-frederique','4 Route Théo Apt. 248, Sainte-Aimé, PE U7A 9G2',11,1,'2023-06-03 17:32:32','2023-06-03 17:32:32'),
 (10,'43252','Antoine','Lalonde','lalonde-antoine','66 Pont Picard, Sainte-Geneviève-d''Irlande, QC D8Y 3K8',12,1,'2023-06-03 17:32:32','2023-06-03 17:32:32'),
 (11,'15794','Chantal','Bouchard','bouchard-chantal','9324 Autoroute Lucas, St-Benjamin, NL W4W0A7',13,2,'2023-06-03 17:32:32','2023-06-03 17:32:32'),
 (12,'37576','Yvon','Lauzon','lauzon-yvon','564 Route Bertrand, St-Frédérique, NS E6F 2B5',14,2,'2023-06-03 17:32:32','2023-06-03 17:32:32'),
 (13,'99427','Paul','Guay','guay-paul','91 Autoroute Andrée, Saint-Bernadette, NB C3O 3K6',15,2,'2023-06-03 17:32:32','2023-06-03 17:32:32'),
 (14,'67333','Xavier','Dubois','dubois-xavier','9 Pont Houle, Sainte-Alysson-de-Cranbourne, SK E3T9F6',16,2,'2023-06-03 17:32:32','2023-06-03 17:32:32'),
 (15,'77630','Joséphine','Lapointe','lapointe-josephine','64777 Pont Gauthier, Saint-Nicole-des-Grès, NB X0X7X3',17,2,'2023-06-03 17:32:32','2023-06-03 17:32:32'),
 (16,'97281','Anthony','Beaudoin','beaudoin-anthony','77213 Avenue Michelle, Saint-Aurélie-de-Batiscan, QC G4F5T4',18,2,'2023-06-03 17:32:32','2023-06-03 17:32:32'),
 (17,'76082','Céline','Moreau','moreau-celine','3 Pont Hugues Apt. 907, Ste-Augustin-du-Lac, SK F8T 7T9',19,2,'2023-06-03 17:32:32','2023-06-03 17:32:32'),
 (18,'22646','Yvon','Lacroix','lacroix-yvon','38 Pont Érika, St-Bertrand, SK K2J5O4',20,2,'2023-06-03 17:32:32','2023-06-03 17:32:32'),
 (19,'11068','Rémy','Lachance','lachance-remy','467 Pont Perron Apt. 990, St-François-des-Neiges, SK N8P3R9',21,2,'2023-06-03 17:32:32','2023-06-03 17:32:32'),
 (20,'74793','Julien','Picard','picard-julien','52 Pont Lacroix Suite 762, Ste-Yves-Bretenières, PE N4J0S5',22,2,'2023-06-03 17:32:32','2023-06-03 17:32:32'),
 (21,'58922','Charlotte','Perreault','perreault-charlotte','7 Avenue Danielle Suite 881, Ste-Stéphanie-des-Carrières, PE Q6R6O0',23,3,'2023-06-03 17:32:32','2023-06-03 17:32:32'),
 (22,'28006','Odette','Trudel','trudel-odette','96793 Avenue Beaudoin, Saint-Adrien, SK E5O0H7',24,3,'2023-06-03 17:32:32','2023-06-03 17:32:32'),
 (23,'80217','Marianne','Boivin','boivin-marianne','5835 Pont Nancy, Ste-Roger, BC P9C 3T0',25,3,'2023-06-03 17:32:32','2023-06-03 17:32:32'),
 (24,'51975','Érika','Fournier','fournier-erika','546 Avenue Houle Suite 539, Ste-Benoît-de-Wolfestown, PE V0E 6W1',26,3,'2023-06-03 17:32:32','2023-06-03 17:32:32'),
 (25,'69731','Valérie','Trudel','trudel-valerie','1055 Autoroute Honoré Suite 478, Sainte-Gilles-de-Clifton, NB T7W1K5',27,3,'2023-06-03 17:32:32','2023-06-03 17:32:32'),
 (26,'47012','Philippe','Bergeron','bergeron-philippe','774 Autoroute Mathilde Suite 163, Sainte-Cécile-les-Plaines, NS K3E 4O5',28,3,'2023-06-03 17:32:32','2023-06-03 17:32:32'),
 (27,'21187','Mathieu','Pelletier','pelletier-mathieu','59 Boulevard Thériault Apt. 147, St-Patrick, MB Q7O 7R3',29,3,'2023-06-03 17:32:32','2023-06-03 17:32:32'),
 (28,'96428','Victor','Bernard','bernard-victor','76 Rue Renaud, Saint-Catherine, NL W2F 0C8',30,3,'2023-06-03 17:32:32','2023-06-03 17:32:32'),
 (29,'38512','Brigitte','Proulx','proulx-brigitte','46148 Boulevard Madeleine, Sainte-Danielle, NS C7L 2A7',31,3,'2023-06-03 17:32:32','2023-06-03 17:32:32'),
 (30,'95319','Vincent','Beaudoin','beaudoin-vincent','38 Rue Françoise Apt. 098, Saint-Annie, PE Y8E 7C8',32,3,'2023-06-03 17:32:32','2023-06-03 17:32:32'),
 (31,'47414','Monique','Gosselin','gosselin-monique','2 Boulevard Arsenault, Sainte-Lucie-les-Neiges, SK H5T 2R2',33,4,'2023-06-03 17:32:32','2023-06-03 17:32:32'),
 (32,'24950','Martin','Poirier','poirier-martin','528 Pont Harvey, St-Anaïs, BC O9D6N4',34,4,'2023-06-03 17:32:32','2023-06-03 17:32:32'),
 (33,'98507','Virginie','Michaud','michaud-virginie','50 Pont Robert Apt. 450, Saint-Aurore, QC O4X 3H4',35,4,'2023-06-03 17:32:32','2023-06-03 17:32:32'),
 (34,'06642','Virginie','Beaulieu','beaulieu-virginie','334 Rue Alain, Sainte-Aimée-du-Ha! Ha!, ON X9P3X5',36,4,'2023-06-03 17:32:32','2023-06-03 17:32:32'),
 (35,'18491','Marianne','Hébert','hebert-marianne','5 Autoroute Julien, St-Luc, QC P7P 0O5',37,4,'2023-06-03 17:32:32','2023-06-03 17:32:32'),
 (36,'32763','David','Giroux','giroux-david','4 Chemin Simard Suite 548, Saint-Roland, NL Z3K9N5',38,4,'2023-06-03 17:32:32','2023-06-03 17:32:32'),
 (37,'87656','Luc','Cloutier','cloutier-luc','86053 Pont Danielle Apt. 276, St-Ann-de-Coleraine, ON D6V 8W2',39,4,'2023-06-03 17:32:32','2023-06-03 17:32:32'),
 (38,'97645','Paulette','Simard','simard-paulette','6860 Chemin Lucas, St-Julien, MB V9O9T7',40,4,'2023-06-03 17:32:32','2023-06-03 17:32:32'),
 (39,'94094','Alfred','Lemay','lemay-alfred','61707 Rue Guay Bureau 366, Sainte-Tristan-de-Matane, AB F2G1L0',41,4,'2023-06-03 17:32:32','2023-06-03 17:32:32'),
 (40,'11991','Patrice','Lemay','lemay-patrice','338 Chemin Simone Suite 205, Ste-Luc, NB R7S2J6',42,4,'2023-06-03 17:32:32','2023-06-03 17:32:32'),
 (41,'48983','Véronique','Couture','couture-veronique','13950 Avenue Luce, St-Guillaume, BC U5V 2A9',43,5,'2023-06-03 17:32:32','2023-06-03 17:32:32'),
 (42,'05425','Renée','Gauthier','gauthier-renee','5 Boulevard Lapierre Bureau 400, St-Marianne, BC E8R3Y6',44,5,'2023-06-03 17:32:32','2023-06-03 17:32:32'),
 (43,'49829','Gilles','Bertrand','bertrand-gilles','6057 Pont Lapierre Apt. 627, St-Bernard, AB T6A 8U2',45,5,'2023-06-03 17:32:32','2023-06-03 17:32:32'),
 (44,'38086','Virginie','Lachance','lachance-virginie','120 Rue Giroux Bureau 558, Ste-Édouard-de-Sales, AB P5U5T4',46,5,'2023-06-03 17:32:32','2023-06-03 17:32:32'),
 (45,'07852','Léon','Jean','jean-leon','7654 Chemin Bernard, Sainte-Charlotte-des-Pins, NL Z7S 7C5',47,5,'2023-06-03 17:32:32','2023-06-03 17:32:32'),
 (46,'30915','Jules','Simard','simard-jules','85732 Rue Houle Bureau 755, Saint-François-des-Monts, QC A5W 9J5',48,5,'2023-06-03 17:32:32','2023-06-03 17:32:32'),
 (47,'66091','Lucas','Beaulieu','beaulieu-lucas','84708 Rue Manon, Saint-Anaïs, NS Q0K 1V3',49,5,'2023-06-03 17:32:32','2023-06-03 17:32:32'),
 (48,'07095','Étienne','Landry','landry-etienne','57764 Autoroute Michel Apt. 871, Sainte-René-de-Gonzague, NB J1B 1H7',50,5,'2023-06-03 17:32:32','2023-06-03 17:32:32'),
 (49,'20848','Antoine','St-Pierre','st-pierre-antoine','85 Autoroute Martel Suite 503, Ste-Nathalie-de-L''Islet, PE Z4U8B0',51,5,'2023-06-03 17:32:32','2023-06-03 17:32:32'),
 (50,'85328','Théo','Dupuis','dupuis-theo','589 Rue Théo, St-Aurélie, SK E9J0L2',52,5,'2023-06-03 17:32:32','2023-06-03 17:32:32'),
 (51,'88401','Charles','Boisvert','boisvert-charles','955 Pont Parent, Sainte-Aimé, QC B1T 1A4',53,6,'2023-06-03 17:32:32','2023-06-03 17:32:32'),
 (52,'78577','Jeannine','St-Pierre','st-pierre-jeannine','964 Route Boisvert Suite 559, Ste-Claire, PE T7B9X6',54,6,'2023-06-03 17:32:32','2023-06-03 17:32:32'),
 (53,'86076','Patrick','Beaulieu','beaulieu-patrick','1 Autoroute Villeneuve Apt. 096, Saint-Monique, NB O8T2J1',55,6,'2023-06-03 17:32:32','2023-06-03 17:32:32'),
 (54,'97592','Brigitte','Richard','richard-brigitte','2 Route Gilbert Apt. 889, Sainte-Albert-de-la-Rivière-du-Sud, PE U3Z 6R6',56,6,'2023-06-03 17:32:32','2023-06-03 17:32:32'),
 (55,'02047','Cécile','Bergeron','bergeron-cecile','8585 Boulevard Proulx, Saint-Michel-sur-Rivière-du-Sud, MB B4Z 3C1',57,6,'2023-06-03 17:32:32','2023-06-03 17:32:32'),
 (56,'71045','Annette','Moreau','moreau-annette','60545 Route Honoré, Sainte-Paule-Sud, PE T5S6R1',58,6,'2023-06-03 17:32:32','2023-06-03 17:32:32'),
 (57,'62191','René','Renaud','renaud-rene','897 Pont Landry, Sainte-Augustin, BC Q6H 7R6',59,6,'2023-06-03 17:32:32','2023-06-03 17:32:32'),
 (58,'33349','Isaac','Demers','demers-isaac','67531 Autoroute Martine, Ste-Élise-de-Rivière-du-Loup, QC Y0S 7J5',60,6,'2023-06-03 17:32:32','2023-06-03 17:32:32'),
 (59,'09347','Léon','Giroux','giroux-leon','62217 Boulevard Marc, Ste-Laurence, NL R2V 7V3',61,6,'2023-06-03 17:32:32','2023-06-03 17:32:32'),
 (60,'57910','Joséphine','Boisvert','boisvert-josephine','5 Rue Virginie, Ste-Georges-de-Paquette, PE C7F 3Y0',62,6,'2023-06-03 17:32:32','2023-06-03 17:32:32'),
 (61,'58334','Patrice','Tremblay','tremblay-patrice','61 Chemin Dubois, Saint-Susanne, SK B8M3I4',63,7,'2023-06-03 17:32:32','2023-06-03 17:32:32'),
 (62,'83393','Sylvie','Martin','martin-sylvie','4 Avenue Jacqueline, St-Marianne, QC K7O 2M1',64,7,'2023-06-03 17:32:32','2023-06-03 17:32:32'),
 (63,'49238','Corrine','Renaud','renaud-corrine','5 Autoroute Martine, St-Henri-de-Bellevue, ON E3F 4J1',65,7,'2023-06-03 17:32:32','2023-06-03 17:32:32'),
 (64,'53073','Yves','Gagné','gagne-yves','47205 Chemin Aimée Bureau 149, St-Eugénie, ON Y4E6A8',66,7,'2023-06-03 17:32:32','2023-06-03 17:32:32'),
 (65,'59156','Geneviève','Savard','savard-genevieve','499 Avenue Tessier, Sainte-Claire-de-Bourget, BC J6N6M1',67,7,'2023-06-03 17:32:32','2023-06-03 17:32:32'),
 (66,'46211','Céline','Blanchette','blanchette-celine','303 Boulevard Gérard Suite 488, Saint-Céline, PE N2I 3B1',68,7,'2023-06-03 17:32:32','2023-06-03 17:32:32'),
 (67,'79943','Marcel','Robert','robert-marcel','7825 Rue Lambert, Ste-Isabelle, PE J1J 4U7',69,7,'2023-06-03 17:32:32','2023-06-03 17:32:32'),
 (68,'36027','Paulette','Vachon','vachon-paulette','12 Chemin Colette Apt. 286, Sainte-Philippe, NB X1Y8H2',70,7,'2023-06-03 17:32:32','2023-06-03 17:32:32'),
 (69,'68835','Thérèse','Drouin','drouin-therese','1 Chemin Fournier Apt. 714, Sainte-Léon-de-Shenley, BC F7H7B5',71,7,'2023-06-03 17:32:32','2023-06-03 17:32:32'),
 (70,'86887','Hélène','Côté','cote-helene','40 Autoroute Martel, Ste-Bernadette-les-Neiges, ON Q4L0N0',72,7,'2023-06-03 17:32:32','2023-06-03 17:32:32'),
 (71,'74673','Yves','Boudreau','boudreau-yves','5 Avenue Audet, St-Louise, MB K3H6J5',73,8,'2023-06-03 17:32:32','2023-06-03 17:32:32'),
 (72,'03200','Michèle','Demers','demers-michele','3632 Route Olivier, St-Louise, BC Q7D 7W1',74,8,'2023-06-03 17:32:32','2023-06-03 17:32:32'),
 (73,'63117','Sophie','Giguère','giguere-sophie','8280 Chemin Bouchard Suite 924, Saint-Étienne-de-Dorset, AB L9W3T5',75,8,'2023-06-03 17:32:32','2023-06-03 17:32:32'),
 (74,'06119','Agathe','Fournier','fournier-agathe','1 Autoroute Paradis, St-Léon-de-Woburn, NB N2T0E8',76,8,'2023-06-03 17:32:32','2023-06-03 17:32:32'),
 (75,'11115','Christiane','Picard','picard-christiane','7 Rue Renaud, Sainte-Roger, BC I5L 7B2',77,8,'2023-06-03 17:32:32','2023-06-03 17:32:32'),
 (76,'18284','Paul','Larouche','larouche-paul','6293 Boulevard Amélie, Sainte-Charles-de-Kamourasca, QC J0N5H4',78,8,'2023-06-03 17:32:32','2023-06-03 17:32:32'),
 (77,'75687','Marthe','Hamel','hamel-marthe','695 Route Rémy Apt. 865, St-Brigitte, SK U1Z 8X6',79,8,'2023-06-03 17:32:32','2023-06-03 17:32:32'),
 (78,'71889','Robert','Parent','parent-robert','9 Pont Lacroix Bureau 905, Ste-Colette, NS E9Z3H2',80,8,'2023-06-03 17:32:32','2023-06-03 17:32:32'),
 (79,'93986','Susanne','Dufour','dufour-susanne','4821 Rue Trudel, Sainte-Emmanuel, QC X1A 8F2',81,8,'2023-06-03 17:32:32','2023-06-03 17:32:32'),
 (80,'57767','Noémie','Hébert','hebert-noemie','3 Avenue Grégory Apt. 003, Saint-Louis, NS T5P2Y8',82,8,'2023-06-03 17:32:32','2023-06-03 17:32:32'),
 (81,'40442','Robert','Moreau','moreau-robert','57474 Avenue Margot, Sainte-Yvonne, MB A4A4T2',83,9,'2023-06-03 17:32:33','2023-06-03 17:32:33'),
 (82,'57825','Théophile','Lepage','lepage-theophile','928 Avenue Jules Apt. 126, St-Bertrand-d''Issoudun, NB Q2N 5S8',84,9,'2023-06-03 17:32:33','2023-06-03 17:32:33'),
 (83,'00353','Manon','Hamel','hamel-manon','41775 Boulevard Yves, Sainte-Honorée, NS G0P1U6',85,9,'2023-06-03 17:32:33','2023-06-03 17:32:33'),
 (84,'63770','Philippe','Allard','allard-philippe','73776 Chemin Leclerc Bureau 493, Saint-Sophie-de-Rimouski, ON Y9D 8G5',86,9,'2023-06-03 17:32:33','2023-06-03 17:32:33'),
 (85,'68867','Pierre','Bilodeau','bilodeau-pierre','59 Boulevard Aimé Bureau 582, St-Jeannine-des-Anges, NB E2Q 5X1',87,9,'2023-06-03 17:32:33','2023-06-03 17:32:33'),
 (86,'29949','Érika','Guay','guay-erika','6 Pont Bertrand Apt. 026, St-Zoé-de-Jésus, NS Y6Y 7C5',88,9,'2023-06-03 17:32:33','2023-06-03 17:32:33'),
 (87,'49558','Georges','Richard','richard-georges','92428 Route Jean Apt. 107, Saint-Adèle, MB A3N7Q2',89,9,'2023-06-03 17:32:33','2023-06-03 17:32:33'),
 (88,'11776','Anne','Rioux','rioux-anne','2141 Boulevard Christophe Apt. 025, Sainte-Christophe-de-Laval, BC L8R 3D5',90,9,'2023-06-03 17:32:33','2023-06-03 17:32:33'),
 (89,'26879','Nicolas','Lapointe','lapointe-nicolas','10274 Rue Pauline, St-Arthur, ON P6Z 5L6',91,9,'2023-06-03 17:32:33','2023-06-03 17:32:33'),
 (90,'36547','Élisabeth','Thériault','theriault-elisabeth','390 Rue Caron, Saint-Nathalie, ON T4L 9M3',92,9,'2023-06-03 17:32:33','2023-06-03 17:32:33'),
 (91,'97276','Geneviève','Renaud','renaud-genevieve','407 Autoroute Fillion Suite 609, Saint-Thomas, SK O5H4F8',93,10,'2023-06-03 17:32:33','2023-06-03 17:32:33'),
 (92,'27435','Adrienne','Gosselin','gosselin-adrienne','84 Rue Richard Bureau 431, Ste-Laurence, QC G9A 9S0',94,10,'2023-06-03 17:32:33','2023-06-03 17:32:33'),
 (93,'61206','Claude','Martel','martel-claude','92275 Autoroute Robert, St-Matthieu-de-Dorchester, QC Z6Z1N4',95,10,'2023-06-03 17:32:33','2023-06-03 17:32:33'),
 (94,'70260','Jules','Morin','morin-jules','5825 Autoroute Benoît, Ste-Étienne, AB V6Y6V5',96,10,'2023-06-03 17:32:33','2023-06-03 17:32:33'),
 (95,'58946','Lucie','Lauzon','lauzon-lucie','226 Autoroute Gagnon Apt. 851, Ste-Laurent, NL X8H2I2',97,10,'2023-06-03 17:32:33','2023-06-03 17:32:33'),
 (96,'87737','Anthony','Blanchette','blanchette-anthony','97686 Rue Ménard, Ste-Susanne, AB M7M 8N8',98,10,'2023-06-03 17:32:33','2023-06-03 17:32:33'),
 (97,'15797','Yvonne','Lalonde','lalonde-yvonne','73499 Route Isabelle, Saint-Françoise-Bretenières, MB O5G0M0',99,10,'2023-06-03 17:32:33','2023-06-03 17:32:33'),
 (98,'65556','Mathieu','Boisvert','boisvert-mathieu','45933 Route Desjardins, Sainte-Anaïs, MB E2T8Y7',100,10,'2023-06-03 17:32:33','2023-06-03 17:32:33'),
 (99,'33401','Bernadette','Lemieux','lemieux-bernadette','4 Boulevard Lacroix, St-Jeannine, ON A5B 5N1',101,10,'2023-06-03 17:32:33','2023-06-03 17:32:33'),
 (100,'23057','Christine','Allard','allard-christine','46 Chemin Vaillancourt Apt. 415, Sainte-Céline, QC N0K 2X6',102,10,'2023-06-03 17:32:33','2023-06-03 17:32:33'),
 (101,'36400','Aimé','Desjardins','desjardins-aime','5337 Chemin Bernard, Sainte-Eve-du-Mont-Carmel, PE S8J5A2',103,11,'2023-06-03 17:32:33','2023-06-03 17:32:33'),
 (102,'61289','Grégory','St-Pierre','st-pierre-gregory','116 Rue Fortin Apt. 311, Saint-Aimée-des-Pins, BC U4F6I6',104,11,'2023-06-03 17:32:33','2023-06-03 17:32:33'),
 (103,'15471','Philippe','Martel','martel-philippe','4474 Chemin Cloutier, Saint-Maurice-Bretenières, ON Q2U 5L0',105,11,'2023-06-03 17:32:33','2023-06-03 17:32:33'),
 (104,'65346','Roger','Vachon','vachon-roger','73465 Route Élise Suite 351, Ste-Thérèse, ON Z8F8W6',106,11,'2023-06-03 17:32:33','2023-06-03 17:32:33'),
 (105,'19464','Olivia','Dion','dion-olivia','55 Chemin Olivier Apt. 735, Ste-Rémy-de-Lessard, NL I0A0I6',107,11,'2023-06-03 17:32:33','2023-06-03 17:32:33'),
 (106,'13978','Richard','Dubois','dubois-richard','9 Boulevard Michaud Suite 400, St-Grégory, BC L8I6K9',108,11,'2023-06-03 17:32:33','2023-06-03 17:32:33'),
 (107,'81291','Ann','Fortier','fortier-ann','4 Avenue Gilbert Bureau 997, Saint-Roger, BC R0K 4K3',109,11,'2023-06-03 17:32:33','2023-06-03 17:32:33'),
 (108,'82221','Henri','Couture','couture-henri','3732 Boulevard Dubé, St-Patrice, ON A7G 4Q4',110,11,'2023-06-03 17:32:33','2023-06-03 17:32:33'),
 (109,'59255','Richard','St-Pierre','st-pierre-richard','2 Avenue Renaud Apt. 256, St-Christine-aux-Coudres, QC T9Z 3L7',111,11,'2023-06-03 17:32:33','2023-06-03 17:32:33'),
 (110,'27623','Vincent','Fournier','fournier-vincent','4 Autoroute Christiane, Ste-Anthony, BC Z7C 7P3',112,11,'2023-06-03 17:32:33','2023-06-03 17:32:33'),
 (111,'79681','Paulette','Fillion','fillion-paulette','1309 Route Anthony, Saint-Céline-de-Forsyth, QC O5D9C4',113,12,'2023-06-03 17:32:33','2023-06-03 17:32:33'),
 (112,'02504','Gilbert','Boivin','boivin-gilbert','14272 Boulevard Denise Bureau 970, St-Dominique-de-Portneuf, NB U7E7W1',114,12,'2023-06-03 17:32:33','2023-06-03 17:32:33'),
 (113,'95025','Georges','Lalonde','lalonde-georges','2 Boulevard Caron Apt. 036, Sainte-Laurent-de-Tilly, NS A6C 0Y8',115,12,'2023-06-03 17:32:33','2023-06-03 17:32:33'),
 (114,'81208','Auguste','Bernard','bernard-auguste','295 Route Bernier, St-Timothée-de-Mérici, SK S3J 4L2',116,12,'2023-06-03 17:32:33','2023-06-03 17:32:33'),
 (115,'82814','Édith','Fontaine','fontaine-edith','718 Pont Paulette, St-Maryse, QC F0K 1D7',117,12,'2023-06-03 17:32:33','2023-06-03 17:32:33'),
 (116,'15351','André','Hamel','hamel-andre','165 Avenue Jérôme, Saint-Mathieu-de-Broughton, SK D1A2Z6',118,12,'2023-06-03 17:32:33','2023-06-03 17:32:33'),
 (117,'08285','Odette','Champagne','champagne-odette','131 Route Bernier, Saint-Eugène, ON R0T 8A8',119,12,'2023-06-03 17:32:33','2023-06-03 17:32:33'),
 (118,'13738','Annie','Allard','allard-annie','73720 Pont Benoît Suite 147, Ste-Thomas-du-Lac, AB L3Y 5Y0',120,12,'2023-06-03 17:32:33','2023-06-03 17:32:33'),
 (119,'39327','Sylvie','Côté','cote-sylvie','5 Avenue Émile Bureau 134, Ste-Léon-du-Lac-Humqui, MB T5V7T3',121,12,'2023-06-03 17:32:33','2023-06-03 17:32:33'),
 (120,'36057','Édouard','Renaud','renaud-edouard','95862 Autoroute Sylvie, Ste-Henri, QC Y9X 1R6',122,12,'2023-06-03 17:32:33','2023-06-03 17:32:33'),
 (121,'77705','Agathe','Larouche','larouche-agathe','6 Rue Émanuelle, Ste-Laurence, ON F4A 6E2',123,13,'2023-06-03 17:32:33','2023-06-03 17:32:33'),
 (122,'11440','Paul','Lapointe','lapointe-paul','7773 Route Louise Suite 460, St-Lucie-d''Auvergne, MB D7C 6R3',124,13,'2023-06-03 17:32:33','2023-06-03 17:32:33'),
 (123,'75002','Bernard','Giguère','giguere-bernard','91139 Pont Lachance Apt. 588, St-Annie-de-Beaupré, NS B3U5E3',125,13,'2023-06-03 17:32:33','2023-06-03 17:32:33'),
 (124,'56151','Mathilde','Guay','guay-mathilde','3 Route Lacroix Apt. 339, Ste-Gilles-de-Ladrière, NB M1N5P7',126,13,'2023-06-03 17:32:33','2023-06-03 17:32:33'),
 (125,'68847','Benoît','Therrien','therrien-benoit','96 Pont Bilodeau Bureau 812, Ste-Gabriel-de-Lotbinière, QC A5C2B5',127,13,'2023-06-03 17:32:33','2023-06-03 17:32:33'),
 (126,'41756','Marthe','Grenier','grenier-marthe','87132 Pont Benoît, Saint-Michèle, SK K8S 0R0',128,13,'2023-06-03 17:32:33','2023-06-03 17:32:33'),
 (127,'50179','Charlotte','Tardif','tardif-charlotte','31817 Autoroute Parent Apt. 860, Sainte-Audrey, ON I5H1A8',129,13,'2023-06-03 17:32:33','2023-06-03 17:32:33'),
 (128,'15947','Lucas','Allard','allard-lucas','377 Rue Joseph Apt. 008, Sainte-Xavier, NL U5T 9D8',130,13,'2023-06-03 17:32:33','2023-06-03 17:32:33'),
 (129,'81927','Michèle','Landry','landry-michele','1729 Boulevard Gauthier, Saint-François, MB A9R5T0',131,13,'2023-06-03 17:32:33','2023-06-03 17:32:33'),
 (130,'37363','Camille','Côté','cote-camille','935 Avenue Lauzon Bureau 711, Sainte-Danielle-du-Nord, ON K9J 2H4',132,13,'2023-06-03 17:32:33','2023-06-03 17:32:33'),
 (131,'39448','Colette','Lauzon','lauzon-colette','1131 Rue Cécile, Sainte-Hélène, AB J6R1U9',133,14,'2023-06-03 17:32:33','2023-06-03 17:32:33'),
 (132,'39699','Sébastien','Perron','perron-sebastien','68 Route Yvonne, Sainte-Henri, PE J3Z9K1',134,14,'2023-06-03 17:32:33','2023-06-03 17:32:33'),
 (133,'73715','Matthieu','Jacques','jacques-matthieu','5260 Chemin Lauzon Suite 720, Saint-Jeannine-de-Milot, AB S3R 6O0',135,14,'2023-06-03 17:32:33','2023-06-03 17:32:33'),
 (134,'67115','Frédérique','Proulx','proulx-frederique','9 Pont Allard Bureau 927, Saint-René, NL A1O4K1',136,14,'2023-06-03 17:32:33','2023-06-03 17:32:33'),
 (135,'60690','René','Dufour','dufour-rene','1 Autoroute Lambert Suite 614, Saint-Céline-de-Milot, NL H1T8I9',137,14,'2023-06-03 17:32:33','2023-06-03 17:32:33'),
 (136,'75942','Christiane','Picard','picard-christiane','151 Pont Bilodeau, Ste-Amélie, ON H0U6E7',138,14,'2023-06-03 17:32:33','2023-06-03 17:32:33'),
 (137,'41892','Valérie','Moreau','moreau-valerie','57087 Route Lauzon Apt. 091, Sainte-Augustine, MB H2Z9I8',139,14,'2023-06-03 17:32:33','2023-06-03 17:32:33'),
 (138,'93146','Guy','Bilodeau','bilodeau-guy','108 Rue Renaud Apt. 623, Saint-Joseph, AB L6O6D5',140,14,'2023-06-03 17:32:33','2023-06-03 17:32:33'),
 (139,'91952','Amélie','Boisvert','boisvert-amelie','6 Pont Arianne Apt. 435, Saint-Nathalie, QC E2S3B4',141,14,'2023-06-03 17:32:33','2023-06-03 17:32:33'),
 (140,'89783','Théo','Roy','roy-theo','674 Pont Ann Apt. 744, Saint-Monique-de-Sales, SK E3Y 2T0',142,14,'2023-06-03 17:32:33','2023-06-03 17:32:33'),
 (141,'41193','Laurence','Rousseau','rousseau-laurence','61 Rue Lemay, Sainte-Maggie, QC N3M5W5',143,15,'2023-06-03 17:32:33','2023-06-03 17:32:33'),
 (142,'48714','Caroline','Allard','allard-caroline','327 Rue Olivia, Ste-David-de-l''Île-d''Orléans, BC A1W 3F8',144,15,'2023-06-03 17:32:33','2023-06-03 17:32:33'),
 (143,'44779','Élisabeth','Dion','dion-elisabeth','19264 Boulevard Stéphane Bureau 081, Sainte-Matthieu-des-Aulnaies, PE S8D 7Z1',145,15,'2023-06-03 17:32:33','2023-06-03 17:32:33'),
 (144,'47608','Adrien','Boudreau','boudreau-adrien','6305 Autoroute Zacharie Suite 454, St-Paulette-Sud, QC L9M 8S9',146,15,'2023-06-03 17:32:33','2023-06-03 17:32:33'),
 (145,'48717','Yves','Dion','dion-yves','154 Autoroute Gingras, St-Audrey-des-Grès, NL W2H1A3',147,15,'2023-06-03 17:32:33','2023-06-03 17:32:33'),
 (146,'94503','Caroline','Parent','parent-caroline','646 Chemin Vaillancourt Suite 309, Ste-Odette, PE M9Z4H4',148,15,'2023-06-03 17:32:33','2023-06-03 17:32:33'),
 (147,'16617','Charles','Bernier','bernier-charles','69 Route Nicolas, St-Thérèse-de-Gonzague, SK B1M3I9',149,15,'2023-06-03 17:32:33','2023-06-03 17:32:33'),
 (148,'24357','Gérard','Mercier','mercier-gerard','895 Boulevard Michaud, Sainte-Benoit-de-Windsor, NB U4H 3A6',150,15,'2023-06-03 17:32:33','2023-06-03 17:32:33'),
 (149,'21588','Rémy','Allard','allard-remy','43406 Chemin Élise Bureau 215, Sainte-Marcel-de-Lorette, BC P1R 7C8',151,15,'2023-06-03 17:32:33','2023-06-03 17:32:33'),
 (150,'91081','Isabelle','Fontaine','fontaine-isabelle','74 Chemin Gravel, Saint-Camille-de-Milot, QC S0V8C8',152,15,'2023-06-03 17:32:33','2023-06-03 17:32:33'),
 (151,'37364','René','Bélanger','belanger-rene','67 Autoroute Alexandra Apt. 015, Ste-Ann-de-Beaurivage, NB H9M3A0',153,16,'2023-06-03 17:32:33','2023-06-03 17:32:33'),
 (152,'64587','Nicole','Dionne','dionne-nicole','566 Autoroute Bergeron Apt. 704, St-Thomas-de-Mékinac, AB H6V 8D7',154,16,'2023-06-03 17:32:33','2023-06-03 17:32:33'),
 (153,'87063','Grégory','Labelle','labelle-gregory','300 Route Bérubé, St-Maryse, SK R6V7O7',155,16,'2023-06-03 17:32:33','2023-06-03 17:32:33'),
 (154,'06641','Madeleine','Mercier','mercier-madeleine','1 Route Tardif Apt. 422, St-Jacques-de-Jésus, NL X7M0Q7',156,16,'2023-06-03 17:32:33','2023-06-03 17:32:33'),
 (155,'42624','Maggie','Richard','richard-maggie','9074 Avenue Jacques, Saint-Zacharie, NL F0Y 2B6',157,16,'2023-06-03 17:32:33','2023-06-03 17:32:33'),
 (156,'56241','Gabrielle','Houle','houle-gabrielle','8818 Pont Fortin, Ste-Honoré-de-Brompton, NL Y0A6J2',158,16,'2023-06-03 17:32:33','2023-06-03 17:32:33'),
 (157,'10719','Christiane','Bergeron','bergeron-christiane','4 Avenue Lessard, Ste-Xavier-de-Lessard, PE X3P9P7',159,16,'2023-06-03 17:32:33','2023-06-03 17:32:33'),
 (158,'97109','Manon','Blanchette','blanchette-manon','2989 Pont Poirier, Sainte-Eugène-de-Lessard, ON S5M5T6',160,16,'2023-06-03 17:32:33','2023-06-03 17:32:33'),
 (159,'29926','Élise','Nguyen','nguyen-elise','436 Route Margot Bureau 886, St-Manon, MB T1K5F9',161,16,'2023-06-03 17:32:33','2023-06-03 17:32:33'),
 (160,'25275','Pauline','Boivin','boivin-pauline','800 Rue Rousseau, St-Danielle, SK Y9C6V5',162,16,'2023-06-03 17:32:33','2023-06-03 17:32:33'),
 (161,'71062','René','St-Pierre','st-pierre-rene','346 Autoroute Beaulieu, Sainte-Luce-du-Lac-Saint-Jean, AB Q2L5H4',163,17,'2023-06-03 17:32:33','2023-06-03 17:32:33'),
 (162,'54398','Sylvie','Fournier','fournier-sylvie','8119 Route Paul Bureau 086, Saint-Alexandra, ON B6E7S2',164,17,'2023-06-03 17:32:33','2023-06-03 17:32:33'),
 (163,'03728','Vincent','Fontaine','fontaine-vincent','1863 Chemin Jeannine Bureau 325, Sainte-Antoine-de-Lessard, NS N9G 5D4',165,17,'2023-06-03 17:32:33','2023-06-03 17:32:33'),
 (164,'17929','Anouk','Landry','landry-anouk','15 Avenue Annette Suite 499, Saint-Laurence-sur-Rivière-du-Sud, NS S8V 1L1',166,17,'2023-06-03 17:32:33','2023-06-03 17:32:33'),
 (165,'66435','Maryse','Giguère','giguere-maryse','98 Pont Julien, St-Roger, BC M1Y4J6',167,17,'2023-06-03 17:32:33','2023-06-03 17:32:33'),
 (166,'49690','Zacharie','Bernier','bernier-zacharie','13617 Route Tristan, Ste-François, MB O5A8S2',168,17,'2023-06-03 17:32:33','2023-06-03 17:32:33'),
 (167,'75744','Augustin','Labelle','labelle-augustin','3995 Chemin Renaud, Saint-Jacqueline, AB O5F 5N1',169,17,'2023-06-03 17:32:33','2023-06-03 17:32:33'),
 (168,'65809','Adèle','Hamel','hamel-adele','47242 Autoroute Claude, Saint-Zacharie, AB A5Z0V8',170,17,'2023-06-03 17:32:33','2023-06-03 17:32:33'),
 (169,'99569','Pierre','Deschênes','deschenes-pierre','4438 Avenue Martel Suite 092, Ste-Georges, ON O1N0P5',171,17,'2023-06-03 17:32:33','2023-06-03 17:32:33'),
 (170,'04066','Mathilde','Vachon','vachon-mathilde','2330 Autoroute Gauthier, Sainte-Sébastien-de-Panet, QC Y2V9X0',172,17,'2023-06-03 17:32:33','2023-06-03 17:32:33'),
 (171,'40548','Raymond','Langlois','langlois-raymond','22 Pont Michaud, St-Caroline-de-Taillon, BC Q3T 7L3',173,18,'2023-06-03 17:32:33','2023-06-03 17:32:33'),
 (172,'76255','Joseph','Morin','morin-joseph','2 Rue Pierre Bureau 860, St-Anaïs-de-Leeds, NS M9L1F1',174,18,'2023-06-03 17:32:33','2023-06-03 17:32:33'),
 (173,'01414','Anouk','Bédard','bedard-anouk','49 Autoroute Philippe, Sainte-Richard, NS G2A 9L1',175,18,'2023-06-03 17:32:33','2023-06-03 17:32:33'),
 (174,'63118','Mathieu','Boisvert','boisvert-mathieu','77 Route Rousseau Apt. 626, Saint-Maggie-de-Taillon, NS K4I4N6',176,18,'2023-06-03 17:32:33','2023-06-03 17:32:33'),
 (175,'37951','Marthe','Thériault','theriault-marthe','290 Route Yvonne Bureau 842, Saint-Andrée-de-Brébeuf, AB Q0F7I8',177,18,'2023-06-03 17:32:33','2023-06-03 17:32:33'),
 (176,'00806','Alexandra','Côté','cote-alexandra','346 Boulevard Thomas, Saint-Bertrand, NL C0Y7I2',178,18,'2023-06-03 17:32:33','2023-06-03 17:32:33'),
 (177,'43743','Audrey','Martel','martel-audrey','77 Chemin Parent Apt. 283, St-Lucie-sur-Mer, SK I5I 6Z0',179,18,'2023-06-03 17:32:33','2023-06-03 17:32:33'),
 (178,'36623','Éric','Charbonneau','charbonneau-eric','9 Route Gingras, St-Albert, SK W3Q 3T8',180,18,'2023-06-03 17:32:33','2023-06-03 17:32:33'),
 (179,'86593','Eve','Champagne','champagne-eve','73 Avenue Ann, Ste-André-de-Coleraine, BC R3L6A4',181,18,'2023-06-03 17:32:33','2023-06-03 17:32:33'),
 (180,'59826','Odette','Morin','morin-odette','66 Route Aurore, Ste-Léon, AB I5D6Z1',182,18,'2023-06-03 17:32:33','2023-06-03 17:32:33'),
 (181,'04149','Édith','Langlois','langlois-edith','29 Rue Pénélope Suite 530, Sainte-Nathalie, BC U1D6R2',183,19,'2023-06-03 17:32:33','2023-06-03 17:32:33'),
 (182,'42070','Amélie','Morin','morin-amelie','8587 Chemin Gilbert Bureau 102, Sainte-Frédérique-du-Lac, QC X2S8C1',184,19,'2023-06-03 17:32:33','2023-06-03 17:32:33'),
 (183,'23359','Véronique','St-Pierre','st-pierre-veronique','7039 Chemin Fortier, Sainte-Susanne, AB Y4F 3D5',185,19,'2023-06-03 17:32:33','2023-06-03 17:32:33'),
 (184,'48786','Madeleine','Gingras','gingras-madeleine','13 Boulevard Fortier Bureau 242, Saint-Émanuelle-des-Monts, PE S5U4Y9',186,19,'2023-06-03 17:32:33','2023-06-03 17:32:33'),
 (185,'46433','Étienne','Beaudoin','beaudoin-etienne','8 Boulevard Côté, Ste-Denis-de-Watford, ON K1X1J3',187,19,'2023-06-03 17:32:33','2023-06-03 17:32:33'),
 (186,'30566','Denise','Leclerc','leclerc-denise','9 Route Giroux Bureau 263, St-Joseph-de-Lellis, NB C1A 2S4',188,19,'2023-06-03 17:32:33','2023-06-03 17:32:33'),
 (187,'49418','Victor','Parent','parent-victor','5687 Chemin Geneviève Suite 723, St-Michelle, ON R7W3Q7',189,19,'2023-06-03 17:32:33','2023-06-03 17:32:33'),
 (188,'67971','Valérie','Champagne','champagne-valerie','9 Autoroute Théophile Suite 550, Ste-Colette, AB L2Q 0V2',190,19,'2023-06-03 17:32:33','2023-06-03 17:32:33'),
 (189,'40524','Théophile','Poulin','poulin-theophile','5 Pont Landry Apt. 679, Sainte-Yves-du-Nord, ON C9Z 6Y5',191,19,'2023-06-03 17:32:33','2023-06-03 17:32:33'),
 (190,'70307','Paulette','Bérubé','berube-paulette','2608 Chemin Desrosiers Bureau 430, St-Roger, NS K0R 2C5',192,19,'2023-06-03 17:32:33','2023-06-03 17:32:33'),
 (191,'87380','Brigitte','Martin','martin-brigitte','5291 Route Stéphane Bureau 122, Sainte-Denise-de-Hatley, AB H6P 7F0',193,20,'2023-06-03 17:32:33','2023-06-03 17:32:33'),
 (192,'50199','Pénélope','Nguyen','nguyen-penelope','848 Route Jeannine, Saint-Nicole, NS I5K8U6',194,20,'2023-06-03 17:32:33','2023-06-03 17:32:33'),
 (193,'80895','Monique','Fortin','fortin-monique','52672 Autoroute Martin Suite 747, Ste-Denis, MB N7U2U1',195,20,'2023-06-03 17:32:33','2023-06-03 17:32:33'),
 (194,'52510','Maurice','Boucher','boucher-maurice','97697 Boulevard Plante, Sainte-Érika, NS U5P 0I3',196,20,'2023-06-03 17:32:33','2023-06-03 17:32:33'),
 (195,'01079','Odette','Fillion','fillion-odette','20 Chemin Giroux, Saint-Nicole-de-Brompton, NB H5N8Q5',197,20,'2023-06-03 17:32:33','2023-06-03 17:32:33'),
 (196,'76888','Marie','Côté','cote-marie','702 Route Champagne Apt. 278, Ste-Céline-des-Lacs, PE B0E 2W0',198,20,'2023-06-03 17:32:33','2023-06-03 17:32:33'),
 (197,'08428','Marcel','Jean','jean-marcel','369 Boulevard Rioux Suite 298, Saint-Marcel, AB F3F 7J0',199,20,'2023-06-03 17:32:33','2023-06-03 17:32:33'),
 (198,'23414','Nicole','Bérubé','berube-nicole','901 Autoroute Lemieux Bureau 465, Ste-Roger, NB O4A9Y4',200,20,'2023-06-03 17:32:33','2023-06-03 17:32:33'),
 (199,'27435','Alysson','Vachon','vachon-alysson','18354 Boulevard Ménard, St-Paulette, PE K4D 4M3',201,20,'2023-06-03 17:32:33','2023-06-03 17:32:33'),
 (200,'62079','Stéphanie','Lacroix','lacroix-stephanie','35367 Chemin Dubois Apt. 480, Sainte-Simone, SK A8F 1B7',202,20,'2023-06-03 17:32:33','2023-06-03 17:32:33'),
 (201,'33337','Geneviève','Deschênes','deschenes-genevieve','8399 Chemin Pierre Apt. 167, Ste-Isabelle-de-Wolfestown, QC H8L 4R3',203,21,'2023-06-03 17:32:33','2023-06-03 17:32:33'),
 (202,'15964','Nicolas','Bilodeau','bilodeau-nicolas','487 Rue Thomas Suite 000, St-Laurent-de-L''Islet, NS J3O1I7',204,21,'2023-06-03 17:32:33','2023-06-03 17:32:33'),
 (203,'12840','Alice','Goulet','goulet-alice','7306 Chemin St-Pierre, Sainte-Aimé-de-Brompton, ON I2W 1H2',205,21,'2023-06-03 17:32:33','2023-06-03 17:32:33'),
 (204,'01147','Aimée','Houle','houle-aimee','1162 Route Édouard, Sainte-Bertrand, NS H9J 5A7',206,21,'2023-06-03 17:32:33','2023-06-03 17:32:33'),
 (205,'02662','Sylvie','Gagnon','gagnon-sylvie','26915 Boulevard Houle, Ste-Julie-de-l''Île-d''Orléans, AB Q5Y 5P7',207,21,'2023-06-03 17:32:33','2023-06-03 17:32:33'),
 (206,'13647','Alexandre','Leduc','leduc-alexandre','3 Pont Sophie, Sainte-Nicolas-sur-le-Lac, QC D0T9Q7',208,21,'2023-06-03 17:32:33','2023-06-03 17:32:33'),
 (207,'58988','Marcel','Tremblay','tremblay-marcel','9 Pont Gauthier, Saint-Aimée-des-Sept-Douleurs, AB X9B6B2',209,21,'2023-06-03 17:32:33','2023-06-03 17:32:33'),
 (208,'06647','Jules','Dion','dion-jules','2 Pont Benjamin Suite 466, Sainte-Chantal, NB F2B 2B0',210,21,'2023-06-03 17:32:33','2023-06-03 17:32:33'),
 (209,'43315','Danielle','Michaud','michaud-danielle','985 Chemin Jeanne, Ste-Frédérique-les-Neiges, ON K4S 0F3',211,21,'2023-06-03 17:32:33','2023-06-03 17:32:33'),
 (210,'91594','Aline','Vachon','vachon-aline','9649 Autoroute Alain, Ste-Élodie, MB C7G 2N0',212,21,'2023-06-03 17:32:33','2023-06-03 17:32:33'),
 (211,'96806','François','Cloutier','cloutier-francois','40 Boulevard Gaudreault, Sainte-Caroline-Ouest, SK H3N4Z8',213,22,'2023-06-03 17:32:33','2023-06-03 17:32:33'),
 (212,'46704','Louise','Lemay','lemay-louise','153 Chemin Michel, Saint-Christophe, NB K2K 3C2',214,22,'2023-06-03 17:32:33','2023-06-03 17:32:33'),
 (213,'68745','Paulette','Fortier','fortier-paulette','664 Pont Lévesque, Sainte-Susanne-de-Broughton, NS S6I 5M9',215,22,'2023-06-03 17:32:33','2023-06-03 17:32:33'),
 (214,'20239','Aurore','Langlois','langlois-aurore','6 Route Jacques, Saint-Aimé-le-Grand, AB R0C 0X9',216,22,'2023-06-03 17:32:33','2023-06-03 17:32:33'),
 (215,'28469','Yvonne','Boucher','boucher-yvonne','77592 Pont Paradis Apt. 323, Sainte-Tristan-de-la-Pocatière, BC C2T 4V3',217,22,'2023-06-03 17:32:33','2023-06-03 17:32:33'),
 (216,'15887','Isabelle','Leblanc','leblanc-isabelle','7 Pont Bouchard Apt. 871, Ste-Édouard, NB D7H5C8',218,22,'2023-06-03 17:32:33','2023-06-03 17:32:33'),
 (217,'08702','Anne','Fontaine','fontaine-anne','3010 Autoroute Denis, Saint-Susanne, NL M4R 0U1',219,22,'2023-06-03 17:32:33','2023-06-03 17:32:33'),
 (218,'52537','Nancy','Lemay','lemay-nancy','191 Rue Gravel Bureau 662, St-Pauline, QC I4N7S0',220,22,'2023-06-03 17:32:33','2023-06-03 17:32:33'),
 (219,'87361','François','Gagnon','gagnon-francois','85 Avenue Benoît Suite 055, Saint-Patrice-de-la-Pocatière, NS R5U 0E7',221,22,'2023-06-03 17:32:33','2023-06-03 17:32:33'),
 (220,'63964','Amélie','Harvey','harvey-amelie','960 Rue Annette, Sainte-Nathalie, QC A1R9Q5',222,22,'2023-06-03 17:32:33','2023-06-03 17:32:33'),
 (221,'64709','Marie','Cloutier','cloutier-marie','6903 Route Gabriel, Ste-Augustine-de-Dorchester, NS L2V 1W0',223,23,'2023-06-03 17:32:33','2023-06-03 17:32:33'),
 (222,'07636','Audrey','St-Pierre','st-pierre-audrey','5 Autoroute Gabriel, Sainte-Augustine-de-Lessard, BC B8L9T1',224,23,'2023-06-03 17:32:33','2023-06-03 17:32:33'),
 (223,'59718','Madeleine','Bergeron','bergeron-madeleine','9195 Boulevard Lepage, Ste-Susanne-de-Prémont, PE B8W 8W5',225,23,'2023-06-03 17:32:33','2023-06-03 17:32:33'),
 (224,'01168','Laurence','Langlois','langlois-laurence','3756 Rue Ann, Saint-Alfred, PE B4R 6W9',226,23,'2023-06-03 17:32:33','2023-06-03 17:32:33'),
 (225,'35408','Éric','Couture','couture-eric','83101 Avenue Bertrand, St-Dominic-du-Ha! Ha!, NL L9V 6Z0',227,23,'2023-06-03 17:32:33','2023-06-03 17:32:33'),
 (226,'98480','Timothée','Dion','dion-timothee','879 Pont Adèle, Saint-Louise, NL G4E 8I5',228,23,'2023-06-03 17:32:33','2023-06-03 17:32:33'),
 (227,'68388','Christiane','Legault','legault-christiane','6231 Route Jacques, Sainte-Augustine, ON Z0M 6Q8',229,23,'2023-06-03 17:32:33','2023-06-03 17:32:33'),
 (228,'90679','Yvon','Lachance','lachance-yvon','7907 Route Bernier Apt. 423, Saint-Brigitte, PE E8I 5G3',230,23,'2023-06-03 17:32:33','2023-06-03 17:32:33'),
 (229,'39040','Ann','Lachance','lachance-ann','563 Pont Demers Bureau 324, Sainte-Julien-de-Lauzon, AB W3B 3Q8',231,23,'2023-06-03 17:32:33','2023-06-03 17:32:33'),
 (230,'11126','Adrien','Lapointe','lapointe-adrien','3159 Pont Marguerite Apt. 505, Ste-Caroline-de-Maskinongé, BC G6C3B1',232,23,'2023-06-03 17:32:33','2023-06-03 17:32:33'),
 (231,'35874','Nathalie','Grenier','grenier-nathalie','7 Avenue Vincent Suite 384, Saint-Timothée-de-Sales, ON J1C 6R6',233,24,'2023-06-03 17:32:33','2023-06-03 17:32:33'),
 (232,'82553','Bertrand','Gauthier','gauthier-bertrand','2223 Route Julien, Ste-Marianne, ON Y3R6T4',234,24,'2023-06-03 17:32:33','2023-06-03 17:32:33'),
 (233,'94090','Annie','Labelle','labelle-annie','689 Pont Véronique Suite 716, Ste-Alice, BC O1O 6A2',235,24,'2023-06-03 17:32:33','2023-06-03 17:32:33'),
 (234,'92841','Aimée','Lepage','lepage-aimee','3473 Route Henri, Ste-Guillaume-de-Beauregard, QC V5L6G8',236,24,'2023-06-03 17:32:33','2023-06-03 17:32:33'),
 (235,'78739','Anthony','Jacques','jacques-anthony','2 Autoroute Amélie Suite 750, Saint-Marthe-de-Vincennes, PE H6P1H1',237,24,'2023-06-03 17:32:33','2023-06-03 17:32:33'),
 (236,'05582','Suzanne','Poulin','poulin-suzanne','851 Rue Julien, St-Augustine-de-Brompton, ON N8W 5F7',238,24,'2023-06-03 17:32:33','2023-06-03 17:32:33'),
 (237,'95413','Élisabeth','Champagne','champagne-elisabeth','99500 Avenue Cloutier Suite 006, Saint-Laurent-Sud, PE D6F 3E3',239,24,'2023-06-03 17:32:33','2023-06-03 17:32:33'),
 (238,'14181','Gérard','Blanchette','blanchette-gerard','3079 Autoroute Martin, St-Roger, NB Y2U 2G5',240,24,'2023-06-03 17:32:33','2023-06-03 17:32:33'),
 (239,'16883','Luc','Simard','simard-luc','704 Avenue Aline Apt. 059, Ste-Louise-Ouest, NB D4X8Q0',241,24,'2023-06-03 17:32:33','2023-06-03 17:32:33'),
 (240,'53483','Andrée','Lepage','lepage-andree','126 Rue Victor, Saint-Marc-de-la-Rivière-du-Sud, NB I5I0O0',242,24,'2023-06-03 17:32:33','2023-06-03 17:32:33'),
 (241,'18658','Aurélie','Nadeau','nadeau-aurelie','498 Pont Martel Bureau 826, Saint-Paule-de-Brébeuf, PE T1V 0K5',243,25,'2023-06-03 17:32:33','2023-06-03 17:32:33'),
 (242,'85207','Anne','Bélanger','belanger-anne','3301 Boulevard Renaud Apt. 537, Sainte-Paulette-de-Forsyth, MB W2R 9X8',244,25,'2023-06-03 17:32:33','2023-06-03 17:32:33'),
 (243,'79946','Laurent','Lambert','lambert-laurent','656 Rue Émanuelle, Saint-Élodie-de-Kamourasca, AB V6I2F6',245,25,'2023-06-03 17:32:33','2023-06-03 17:32:33'),
 (244,'77193','Céline','Houle','houle-celine','9053 Pont Gilles, St-Yvonne-d''Auvergne, MB Z3X 5D3',246,25,'2023-06-03 17:32:33','2023-06-03 17:32:33'),
 (245,'87574','Henri','Bélanger','belanger-henri','696 Boulevard Ann Suite 595, St-Christian, PE O3H 6P2',247,25,'2023-06-03 17:32:33','2023-06-03 17:32:33'),
 (246,'57508','Xavier','Hébert','hebert-xavier','8822 Autoroute Raymond Bureau 366, Ste-Robert-de-Whitton, NB C7X 0T6',248,25,'2023-06-03 17:32:33','2023-06-03 17:32:33'),
 (247,'33403','Margot','Poulin','poulin-margot','8224 Route Alphonse, Saint-Édith-du-Portage, QC H1K1T8',249,25,'2023-06-03 17:32:33','2023-06-03 17:32:33'),
 (248,'47853','Charlotte','Paradis','paradis-charlotte','47874 Route Renée, Sainte-Honorée, AB T1L 3M7',250,25,'2023-06-03 17:32:33','2023-06-03 17:32:33'),
 (249,'15011','Bertrand','Dupuis','dupuis-bertrand','92 Autoroute Morin, St-Nathalie-du-Lac-Long, PE D4J9Z0',251,25,'2023-06-03 17:32:33','2023-06-03 17:32:33'),
 (250,'87553','Pénélope','Grenier','grenier-penelope','167 Route Fontaine, St-Bernard-des-Carrières, BC I4V8R4',252,25,'2023-06-03 17:32:33','2023-06-03 17:32:33'),
 (251,'64008','Frédérique','Blanchette','blanchette-frederique','450 Avenue Cloutier, Saint-Nicole, PE G2O 6S3',253,26,'2023-06-03 17:32:33','2023-06-03 17:32:33'),
 (252,'25849','Augustine','Lalonde','lalonde-augustine','75142 Rue Marc Bureau 561, Saint-André, AB O1F 2E3',254,26,'2023-06-03 17:32:33','2023-06-03 17:32:33'),
 (253,'13691','Mathieu','Lapointe','lapointe-mathieu','89 Rue Deschênes, Ste-Zacharie, QC X8O4L9',255,26,'2023-06-03 17:32:33','2023-06-03 17:32:33'),
 (254,'26790','Bernard','Ouellet','ouellet-bernard','5102 Route Érika, Saint-Augustine-d''Issoudun, PE W0A5A4',256,26,'2023-06-03 17:32:33','2023-06-03 17:32:33'),
 (255,'69467','Léon','Gaudreault','gaudreault-leon','87 Autoroute Therrien, Saint-Corrine-du-Portage, NS G2I5U8',257,26,'2023-06-03 17:32:33','2023-06-03 17:32:33'),
 (256,'23442','Pénélope','Deschênes','deschenes-penelope','7774 Rue Langlois, St-Odette-de-Lotbinière, QC T2X 1A5',258,26,'2023-06-03 17:32:33','2023-06-03 17:32:33'),
 (257,'93563','Bernard','Leblanc','leblanc-bernard','975 Boulevard Dubois Bureau 140, St-Mathieu, NS E9C 5K0',259,26,'2023-06-03 17:32:33','2023-06-03 17:32:33'),
 (258,'61108','Simone','Dubé','dube-simone','1 Boulevard Marianne, Saint-Jeannine, NS J9S 4K9',260,26,'2023-06-03 17:32:33','2023-06-03 17:32:33'),
 (259,'45342','Claudine','Renaud','renaud-claudine','562 Chemin Jacqueline, Ste-Jacques, AB S7A1A7',261,26,'2023-06-03 17:32:33','2023-06-03 17:32:33'),
 (260,'74977','Bernard','Nadeau','nadeau-bernard','2 Pont Sébastien Bureau 532, St-Mathieu-de-Caxton, MB L1E0L8',262,26,'2023-06-03 17:32:33','2023-06-03 17:32:33'),
 (261,'17856','Sylvie','Grenier','grenier-sylvie','66310 Avenue Alfred Bureau 389, Saint-Gérard, AB M4C 1D5',263,27,'2023-06-03 17:32:33','2023-06-03 17:32:33'),
 (262,'22258','Noël','Cloutier','cloutier-noel','3 Avenue Zacharie Bureau 500, Ste-Isabelle, AB G4Y 3Y6',264,27,'2023-06-03 17:32:33','2023-06-03 17:32:33'),
 (263,'37789','Manon','Bergeron','bergeron-manon','488 Chemin Édouard, Ste-Yves, QC O6Y6C3',265,27,'2023-06-03 17:32:33','2023-06-03 17:32:33'),
 (264,'81419','Marc','Hamel','hamel-marc','6970 Chemin Maryse Bureau 790, Ste-Pierre-de-Shenley, BC L0N 9U5',266,27,'2023-06-03 17:32:33','2023-06-03 17:32:33'),
 (265,'51479','Martin','Harvey','harvey-martin','94 Rue Théo Bureau 069, Saint-Aurore, MB A0P2N6',267,27,'2023-06-03 17:32:33','2023-06-03 17:32:33'),
 (266,'50640','Mathieu','Thibault','thibault-mathieu','81386 Boulevard Élisabeth, Ste-Édouard-de-Portneuf, ON U7N 4I3',268,27,'2023-06-03 17:32:33','2023-06-03 17:32:33'),
 (267,'65580','Luce','Simard','simard-luce','6 Autoroute Lalonde Suite 922, Sainte-Madeleine-du-Loup, PE X7O2S8',269,27,'2023-06-03 17:32:33','2023-06-03 17:32:33'),
 (268,'10660','Pénélope','Fortier','fortier-penelope','7814 Chemin Sylvie, Ste-Denise-de-L''Islet, MB G4J 2J7',270,27,'2023-06-03 17:32:33','2023-06-03 17:32:33'),
 (269,'55002','Laurent','Hébert','hebert-laurent','6726 Autoroute Corrine Bureau 825, Ste-Aline-de-Beaurivage, NB T6T7A1',271,27,'2023-06-03 17:32:33','2023-06-03 17:32:33'),
 (270,'50850','Brigitte','Gauthier','gauthier-brigitte','12010 Boulevard Robert Suite 666, Sainte-Chantal-de-Bolton, ON D1Y2Y8',272,27,'2023-06-03 17:32:33','2023-06-03 17:32:33'),
 (271,'76733','Claire','Deschênes','deschenes-claire','110 Boulevard Simone, Ste-Brigitte-des-Pins, NL T0U 5P3',273,28,'2023-06-03 17:32:34','2023-06-03 17:32:34'),
 (272,'65067','Charles','Parent','parent-charles','65 Chemin Blanchette Bureau 436, Saint-Théophile, NB F1V7V7',274,28,'2023-06-03 17:32:34','2023-06-03 17:32:34'),
 (273,'83629','Érika','Cloutier','cloutier-erika','9 Avenue Andrée Apt. 749, Saint-Céline-de-Matane, MB W1Y 3L8',275,28,'2023-06-03 17:32:34','2023-06-03 17:32:34'),
 (274,'19653','Élise','Bergeron','bergeron-elise','99 Boulevard Marthe Bureau 061, Ste-Xavier, QC J7R9Q1',276,28,'2023-06-03 17:32:34','2023-06-03 17:32:34'),
 (275,'73399','Hugues','Beaudoin','beaudoin-hugues','67398 Boulevard Christiane Apt. 984, St-Émilie, PE Q1V7G4',277,28,'2023-06-03 17:32:34','2023-06-03 17:32:34'),
 (276,'34618','Zoé','Langlois','langlois-zoe','30 Avenue Henri, Saint-Geneviève-de-Maskinongé, NL M6T0M3',278,28,'2023-06-03 17:32:34','2023-06-03 17:32:34'),
 (277,'37147','Aimé','Proulx','proulx-aime','45961 Chemin Benoit, Sainte-André-de-Forsyth, NS P7P 3S7',279,28,'2023-06-03 17:32:34','2023-06-03 17:32:34'),
 (278,'05256','Aimé','Perreault','perreault-aime','29 Boulevard Fortin Suite 355, Saint-Renée-de-la-Pérade, QC T0J2K2',280,28,'2023-06-03 17:32:34','2023-06-03 17:32:34'),
 (279,'88853','Louise','Couture','couture-louise','1621 Autoroute Lessard, Saint-Bernadette, SK H0Z3T5',281,28,'2023-06-03 17:32:34','2023-06-03 17:32:34'),
 (280,'71881','Aurore','Savard','savard-aurore','43686 Avenue Élodie Suite 666, Sainte-Auguste, NL H3G7D9',282,28,'2023-06-03 17:32:34','2023-06-03 17:32:34'),
 (281,'11616','Rolande','Paradis','paradis-rolande','46821 Rue Caroline, St-Albert-de-Valcartier, NL N6S 0Y1',283,29,'2023-06-03 17:32:34','2023-06-03 17:32:34'),
 (282,'44651','Christiane','Gilbert','gilbert-christiane','6503 Avenue Maurice, St-Nicolas-de-Prémont, NS Q8W 2S7',284,29,'2023-06-03 17:32:34','2023-06-03 17:32:34'),
 (283,'07040','Arianne','Simard','simard-arianne','10 Avenue Guy, Saint-Marianne, NL H1T6D8',285,29,'2023-06-03 17:32:34','2023-06-03 17:32:34'),
 (284,'40869','Richard','Trudel','trudel-richard','29171 Autoroute Vaillancourt, St-Susanne-d''Ixworth, BC T9J7B4',286,29,'2023-06-03 17:32:34','2023-06-03 17:32:34'),
 (285,'76872','Suzanne','Legault','legault-suzanne','52414 Avenue Vachon Bureau 357, Saint-Daniel-des-Caps, ON M4W 0U6',287,29,'2023-06-03 17:32:34','2023-06-03 17:32:34'),
 (286,'12203','Louis','Martin','martin-louis','7 Chemin Vincent, St-Marianne-de-l''Île-d''Orléans, NL L9Z3B0',288,29,'2023-06-03 17:32:34','2023-06-03 17:32:34'),
 (287,'25307','Philippe','Gingras','gingras-philippe','606 Pont Harvey Apt. 754, St-Paul, BC U0P 2H9',289,29,'2023-06-03 17:32:34','2023-06-03 17:32:34'),
 (288,'59069','Simone','Fortin','fortin-simone','22259 Autoroute Dubois Bureau 525, Sainte-Adèle-de-Jésus, AB P3Q7J6',290,29,'2023-06-03 17:32:34','2023-06-03 17:32:34'),
 (289,'43554','Christophe','Bernier','bernier-christophe','31304 Autoroute Augustine, Saint-Vincent-de-Rimouski, MB G9R0S7',291,29,'2023-06-03 17:32:34','2023-06-03 17:32:34'),
 (290,'36210','Louise','Perron','perron-louise','2 Avenue Julien, Ste-Grégory, NL O7E 9I5',292,29,'2023-06-03 17:32:34','2023-06-03 17:32:34'),
 (291,'29225','Rémy','Desrosiers','desrosiers-remy','147 Rue Proulx Suite 743, St-Odette-des-Lacs, ON A7V3I9',293,30,'2023-06-03 17:32:34','2023-06-03 17:32:34'),
 (292,'83740','Eugénie','Landry','landry-eugenie','65 Autoroute Raymond Suite 815, St-Alexandre, NB J8L2I7',294,30,'2023-06-03 17:32:34','2023-06-03 17:32:34'),
 (293,'51095','Richard','Vachon','vachon-richard','8 Autoroute Lemay Bureau 853, Saint-Laurence, PE V1O 7N0',295,30,'2023-06-03 17:32:34','2023-06-03 17:32:34'),
 (294,'56658','Andrée','Martel','martel-andree','99 Route Yves, Ste-Alice-du-Cap-Tourmente, SK B4P 3E2',296,30,'2023-06-03 17:32:34','2023-06-03 17:32:34'),
 (295,'05331','Alysson','Allard','allard-alysson','1187 Pont Gaudreault, Ste-Zoé, NL U2P 1T6',297,30,'2023-06-03 17:32:34','2023-06-03 17:32:34'),
 (296,'22397','Cécile','Tardif','tardif-cecile','851 Rue Jacques Suite 062, Ste-Maurice-des-Érables, PE C9X0K7',298,30,'2023-06-03 17:32:34','2023-06-03 17:32:34'),
 (297,'63213','Roland','Parent','parent-roland','647 Boulevard Christophe Bureau 471, Ste-Nicole, PE E7A 6E4',299,30,'2023-06-03 17:32:34','2023-06-03 17:32:34'),
 (298,'99284','Grégory','Guay','guay-gregory','3578 Pont Perron Apt. 031, St-Honoré-de-Matane, NB H7A1Y6',300,30,'2023-06-03 17:32:34','2023-06-03 17:32:34'),
 (299,'50930','Isabelle','Hamel','hamel-isabelle','5 Avenue Gravel, St-Marthe-de-Jésus, NB F9U 4Z0',301,30,'2023-06-03 17:32:34','2023-06-03 17:32:34'),
 (300,'40004','Éric','Lachance','lachance-eric','41 Autoroute Éric, Saint-Eugénie-Bretenières, NL K2V6G7',302,30,'2023-06-03 17:32:34','2023-06-03 17:32:34');
INSERT INTO "students" ("id","code","first_name","last_name","slug","address","user_id","department_id","created_at","updated_at") VALUES

 (1,'a1234567','Jean','Dupont','jean-dupont','123 Rue de la Paix',101,21,'2022-01-01 12:00:00','2022-01-02 15:30:00'),
 (2,'z9876543','Marie','Martin','marie-martin','456 Avenue des Fleurs',102,10,'2022-02-05 08:45:00','2022-02-06 17:20:00'),
 (3,'b7654321','Pierre','Lefevre','pierre-lefevre','789 Boulevard du Soleil',10,23,'2022-03-10 09:30:00','2022-03-11 14:15:00'),
 (4,'k2345678','Sophie','Dufresne','sophie-dufresne','101 Rue de la Lune',104,20,'2022-04-15 14:00:00','2022-04-16 12:45:00'),
 (5,'x8765432','Alexandre','Roux','alexandre-roux','202 Avenue des Étoiles',105,20,'2022-05-20 11:45:00','2022-05-21 16:10:00'),
 (6,'g3456789','Charlotte','Lemoine','charlotte-lemoine','303 Boulevard de la Plage',106,20,'2022-06-25 13:15:00','2022-06-26 18:30:00'),
 (7,'c2109876','Luc','Dubois','luc-dubois','404 Rue du Vent',107,21,'2022-07-30 16:30:00','2022-07-31 10:55:00'),
 (8,'f5432109','Emilie','Girard','emilie-girard','505 Avenue de la Cascade',108,28,'2022-08-04 18:00:00','2022-08-05 14:25:00'),
 (9,'i7890123','Thierry','Lefort','thierry-lefort','606 Boulevard de la Forêt',109,29,'2022-09-09 20:45:00','2022-09-10 11:40:00'),
 (10,'o3210987','Camille','Martinelli','camille-martinelli','707 Rue de la Montagne',110,21,'2022-10-14 22:15:00','2022-10-15 13:50:00');
INSERT INTO "semesters" ("id","year","label","abbr","school_id","created_at","updated_at") VALUES
 (1,2007,'vel 2007','v07',1,'2023-06-03 17:32:34','2023-06-03 17:32:34'),
 (2,1996,'saepe 1996','s96',1,'2023-06-03 17:32:34','2023-06-03 17:32:34'),
 (3,2016,'illum 2016','i16',1,'2023-06-03 17:32:34','2023-06-03 17:32:34'),
 (4,1996,'optio 1996','o96',2,'2023-06-03 17:32:35','2023-06-03 17:32:35'),
 (5,1980,'accusamus 1980','a80',2,'2023-06-03 17:32:35','2023-06-03 17:32:35'),
 (6,2016,'voluptas 2016','v16',2,'2023-06-03 17:32:35','2023-06-03 17:32:35'),
 (7,1982,'qui 1982','q82',3,'2023-06-03 17:32:35','2023-06-03 17:32:35'),
 (8,1985,'qui 1985','q85',3,'2023-06-03 17:32:35','2023-06-03 17:32:35'),
 (9,1999,'ut 1999','u99',3,'2023-06-03 17:32:35','2023-06-03 17:32:35'),
 (10,1970,'ut 1970','u70',4,'2023-06-03 17:32:35','2023-06-03 17:32:35'),
 (11,2022,'ratione 2022','r22',4,'2023-06-03 17:32:35','2023-06-03 17:32:35'),
 (12,2003,'voluptatibus 2003','v03',4,'2023-06-03 17:32:35','2023-06-03 17:32:35'),
 (13,1989,'officia 1989','o89',5,'2023-06-03 17:32:35','2023-06-03 17:32:35'),
 (14,2003,'voluptatem 2003','v03',5,'2023-06-03 17:32:35','2023-06-03 17:32:35'),
 (15,1977,'quas 1977','q77',5,'2023-06-03 17:32:35','2023-06-03 17:32:35');
INSERT INTO "course_semester" ("id","course_id","semester_id","created_at","updated_at") VALUES
 (1,6,1,NULL,NULL),
 (2,8,1,NULL,NULL),
 (3,15,1,NULL,NULL),
 (4,21,1,NULL,NULL),
 (5,22,1,NULL,NULL),
 (6,31,1,NULL,NULL),
 (7,32,1,NULL,NULL),
 (8,34,1,NULL,NULL),
 (9,38,1,NULL,NULL),
 (10,39,1,NULL,NULL),
 (11,46,1,NULL,NULL),
 (12,47,1,NULL,NULL),
 (13,50,1,NULL,NULL),
 (14,1,2,NULL,NULL),
 (15,2,2,NULL,NULL),
 (16,3,2,NULL,NULL),
 (17,7,2,NULL,NULL),
 (18,9,2,NULL,NULL),
 (19,10,2,NULL,NULL),
 (20,12,2,NULL,NULL),
 (21,13,2,NULL,NULL),
 (22,14,2,NULL,NULL),
 (23,15,2,NULL,NULL),
 (24,17,2,NULL,NULL),
 (25,19,2,NULL,NULL),
 (26,20,2,NULL,NULL),
 (27,21,2,NULL,NULL),
 (28,22,2,NULL,NULL),
 (29,26,2,NULL,NULL),
 (30,27,2,NULL,NULL),
 (31,28,2,NULL,NULL),
 (32,29,2,NULL,NULL),
 (33,30,2,NULL,NULL),
 (34,33,2,NULL,NULL),
 (35,35,2,NULL,NULL),
 (36,36,2,NULL,NULL),
 (37,37,2,NULL,NULL),
 (38,38,2,NULL,NULL),
 (39,39,2,NULL,NULL),
 (40,40,2,NULL,NULL),
 (41,41,2,NULL,NULL),
 (42,42,2,NULL,NULL),
 (43,44,2,NULL,NULL),
 (44,47,2,NULL,NULL),
 (45,48,2,NULL,NULL),
 (46,49,2,NULL,NULL),
 (47,5,3,NULL,NULL),
 (48,7,3,NULL,NULL),
 (49,8,3,NULL,NULL),
 (50,13,3,NULL,NULL),
 (51,14,3,NULL,NULL),
 (52,15,3,NULL,NULL),
 (53,17,3,NULL,NULL),
 (54,18,3,NULL,NULL),
 (55,19,3,NULL,NULL),
 (56,24,3,NULL,NULL),
 (57,25,3,NULL,NULL),
 (58,27,3,NULL,NULL),
 (59,35,3,NULL,NULL),
 (60,36,3,NULL,NULL),
 (61,40,3,NULL,NULL),
 (62,43,3,NULL,NULL),
 (63,47,3,NULL,NULL);
INSERT INTO "groups" ("id","number","schedule","teacher_id","course_semester_id","created_at","updated_at") VALUES
 (1,105,'Monday17:34',15,1,'2023-06-03 17:32:34','2023-06-03 17:32:34'),
 (2,103,'Thursday11:38',19,1,'2023-06-03 17:32:34','2023-06-03 17:32:34'),
 (3,106,'Monday13:14',11,2,'2023-06-03 17:32:34','2023-06-03 17:32:34'),
 (4,108,'Tuesday14:19',14,2,'2023-06-03 17:32:34','2023-06-03 17:32:34'),
 (5,105,'Sunday23:24',27,3,'2023-06-03 17:32:34','2023-06-03 17:32:34'),
 (6,104,'Thursday09:54',30,3,'2023-06-03 17:32:34','2023-06-03 17:32:34'),
 (7,101,'Saturday01:49',27,3,'2023-06-03 17:32:34','2023-06-03 17:32:34'),
 (8,106,'Thursday06:33',21,3,'2023-06-03 17:32:34','2023-06-03 17:32:34'),
 (9,104,'Tuesday06:26',21,3,'2023-06-03 17:32:34','2023-06-03 17:32:34'),
 (10,102,'Monday12:54',44,4,'2023-06-03 17:32:34','2023-06-03 17:32:34'),
 (11,101,'Wednesday20:50',45,4,'2023-06-03 17:32:34','2023-06-03 17:32:34'),
 (12,105,'Tuesday21:50',41,4,'2023-06-03 17:32:34','2023-06-03 17:32:34'),
 (13,103,'Friday20:58',48,4,'2023-06-03 17:32:34','2023-06-03 17:32:34'),
 (14,108,'Thursday12:45',43,5,'2023-06-03 17:32:34','2023-06-03 17:32:34'),
 (15,109,'Tuesday16:54',42,5,'2023-06-03 17:32:34','2023-06-03 17:32:34'),
 (16,107,'Saturday11:45',45,5,'2023-06-03 17:32:34','2023-06-03 17:32:34'),
 (17,100,'Monday13:53',49,5,'2023-06-03 17:32:34','2023-06-03 17:32:34'),
 (18,105,'Sunday20:00',44,5,'2023-06-03 17:32:34','2023-06-03 17:32:34'),
 (19,106,'Tuesday19:29',65,6,'2023-06-03 17:32:34','2023-06-03 17:32:34'),
 (20,104,'Saturday12:24',70,6,'2023-06-03 17:32:34','2023-06-03 17:32:34'),
 (21,109,'Tuesday02:04',65,6,'2023-06-03 17:32:34','2023-06-03 17:32:34'),
 (22,105,'Monday15:27',61,6,'2023-06-03 17:32:34','2023-06-03 17:32:34'),
 (23,108,'Thursday10:30',69,6,'2023-06-03 17:32:34','2023-06-03 17:32:34'),
 (24,100,'Thursday08:10',66,7,'2023-06-03 17:32:34','2023-06-03 17:32:34'),
 (25,105,'Thursday15:49',70,7,'2023-06-03 17:32:34','2023-06-03 17:32:34'),
 (26,109,'Wednesday12:36',63,8,'2023-06-03 17:32:34','2023-06-03 17:32:34'),
 (27,103,'Sunday20:45',63,8,'2023-06-03 17:32:34','2023-06-03 17:32:34'),
 (28,106,'Monday05:52',62,8,'2023-06-03 17:32:34','2023-06-03 17:32:34'),
 (29,109,'Monday22:28',68,8,'2023-06-03 17:32:34','2023-06-03 17:32:34'),
 (30,109,'Thursday00:56',65,8,'2023-06-03 17:32:34','2023-06-03 17:32:34'),
 (31,105,'Friday01:08',75,9,'2023-06-03 17:32:34','2023-06-03 17:32:34'),
 (32,105,'Sunday11:08',73,9,'2023-06-03 17:32:34','2023-06-03 17:32:34'),
 (33,105,'Sunday20:38',73,9,'2023-06-03 17:32:34','2023-06-03 17:32:34'),
 (34,108,'Monday04:01',71,10,'2023-06-03 17:32:34','2023-06-03 17:32:34'),
 (35,105,'Saturday15:33',76,10,'2023-06-03 17:32:34','2023-06-03 17:32:34'),
 (36,109,'Sunday16:13',78,10,'2023-06-03 17:32:34','2023-06-03 17:32:34'),
 (37,107,'Thursday08:39',95,11,'2023-06-03 17:32:34','2023-06-03 17:32:34'),
 (38,101,'Monday03:07',92,11,'2023-06-03 17:32:34','2023-06-03 17:32:34'),
 (39,109,'Wednesday00:51',98,11,'2023-06-03 17:32:34','2023-06-03 17:32:34'),
 (40,104,'Friday20:39',99,11,'2023-06-03 17:32:34','2023-06-03 17:32:34'),
 (41,105,'Sunday06:23',96,12,'2023-06-03 17:32:34','2023-06-03 17:32:34'),
 (42,109,'Thursday21:23',92,12,'2023-06-03 17:32:34','2023-06-03 17:32:34'),
 (43,109,'Wednesday20:49',100,12,'2023-06-03 17:32:34','2023-06-03 17:32:34'),
 (44,101,'Tuesday14:04',91,12,'2023-06-03 17:32:34','2023-06-03 17:32:34'),
 (45,100,'Sunday08:16',94,13,'2023-06-03 17:32:34','2023-06-03 17:32:34'),
 (46,101,'Thursday00:33',94,13,'2023-06-03 17:32:34','2023-06-03 17:32:34'),
 (47,108,'Friday12:26',96,13,'2023-06-03 17:32:34','2023-06-03 17:32:34'),
 (48,108,'Monday11:54',92,13,'2023-06-03 17:32:34','2023-06-03 17:32:34'),
 (49,105,'Thursday23:13',1,14,'2023-06-03 17:32:34','2023-06-03 17:32:34'),
 (50,102,'Saturday21:16',1,14,'2023-06-03 17:32:34','2023-06-03 17:32:34'),
 (51,101,'Thursday00:20',8,14,'2023-06-03 17:32:34','2023-06-03 17:32:34'),
 (52,105,'Thursday06:24',7,14,'2023-06-03 17:32:34','2023-06-03 17:32:34'),
 (53,105,'Thursday10:35',4,15,'2023-06-03 17:32:34','2023-06-03 17:32:34'),
 (54,100,'Sunday00:00',7,15,'2023-06-03 17:32:34','2023-06-03 17:32:34'),
 (55,102,'Friday07:24',6,15,'2023-06-03 17:32:34','2023-06-03 17:32:34'),
 (56,104,'Sunday14:15',3,15,'2023-06-03 17:32:34','2023-06-03 17:32:34'),
 (57,100,'Wednesday22:55',4,15,'2023-06-03 17:32:34','2023-06-03 17:32:34'),
 (58,105,'Thursday11:09',3,16,'2023-06-03 17:32:34','2023-06-03 17:32:34'),
 (59,102,'Thursday09:49',9,16,'2023-06-03 17:32:34','2023-06-03 17:32:34'),
 (60,106,'Tuesday22:23',8,16,'2023-06-03 17:32:34','2023-06-03 17:32:34'),
 (61,106,'Friday12:48',6,16,'2023-06-03 17:32:34','2023-06-03 17:32:34'),
 (62,106,'Thursday23:19',16,17,'2023-06-03 17:32:34','2023-06-03 17:32:34'),
 (63,103,'Friday13:23',17,17,'2023-06-03 17:32:34','2023-06-03 17:32:34'),
 (64,108,'Monday09:00',17,18,'2023-06-03 17:32:34','2023-06-03 17:32:34'),
 (65,106,'Tuesday03:27',19,18,'2023-06-03 17:32:34','2023-06-03 17:32:34'),
 (66,104,'Sunday18:04',19,18,'2023-06-03 17:32:34','2023-06-03 17:32:34'),
 (67,101,'Friday07:06',15,18,'2023-06-03 17:32:34','2023-06-03 17:32:34'),
 (68,104,'Sunday09:53',13,19,'2023-06-03 17:32:34','2023-06-03 17:32:34'),
 (69,108,'Saturday02:05',18,19,'2023-06-03 17:32:34','2023-06-03 17:32:34'),
 (70,101,'Wednesday11:19',26,20,'2023-06-03 17:32:34','2023-06-03 17:32:34'),
 (71,101,'Friday12:34',30,20,'2023-06-03 17:32:34','2023-06-03 17:32:34'),
 (72,102,'Tuesday23:30',27,21,'2023-06-03 17:32:34','2023-06-03 17:32:34'),
 (73,105,'Friday04:11',24,21,'2023-06-03 17:32:34','2023-06-03 17:32:34'),
 (74,109,'Wednesday08:38',30,21,'2023-06-03 17:32:34','2023-06-03 17:32:34'),
 (75,107,'Sunday03:16',22,21,'2023-06-03 17:32:34','2023-06-03 17:32:34'),
 (76,105,'Wednesday09:06',27,22,'2023-06-03 17:32:34','2023-06-03 17:32:34'),
 (77,108,'Friday04:47',22,22,'2023-06-03 17:32:34','2023-06-03 17:32:34'),
 (78,101,'Sunday17:09',30,22,'2023-06-03 17:32:34','2023-06-03 17:32:34'),
 (79,100,'Saturday21:38',25,23,'2023-06-03 17:32:34','2023-06-03 17:32:34'),
 (80,102,'Saturday21:27',30,23,'2023-06-03 17:32:34','2023-06-03 17:32:34'),
 (81,109,'Thursday01:35',38,24,'2023-06-03 17:32:34','2023-06-03 17:32:34'),
 (82,101,'Saturday03:33',35,24,'2023-06-03 17:32:34','2023-06-03 17:32:34'),
 (83,101,'Saturday13:18',37,24,'2023-06-03 17:32:34','2023-06-03 17:32:34'),
 (84,100,'Monday15:12',31,25,'2023-06-03 17:32:34','2023-06-03 17:32:34'),
 (85,104,'Monday20:54',31,25,'2023-06-03 17:32:34','2023-06-03 17:32:34'),
 (86,102,'Sunday09:58',34,25,'2023-06-03 17:32:34','2023-06-03 17:32:34'),
 (87,109,'Monday06:30',39,25,'2023-06-03 17:32:34','2023-06-03 17:32:34'),
 (88,101,'Thursday00:29',36,25,'2023-06-03 17:32:34','2023-06-03 17:32:34'),
 (89,103,'Wednesday11:35',35,26,'2023-06-03 17:32:34','2023-06-03 17:32:34'),
 (90,103,'Saturday19:32',38,26,'2023-06-03 17:32:34','2023-06-03 17:32:34'),
 (91,106,'Sunday15:02',42,27,'2023-06-03 17:32:34','2023-06-03 17:32:34'),
 (92,106,'Monday16:03',44,27,'2023-06-03 17:32:34','2023-06-03 17:32:34'),
 (93,109,'Monday22:56',41,27,'2023-06-03 17:32:34','2023-06-03 17:32:34'),
 (94,108,'Saturday18:11',48,27,'2023-06-03 17:32:34','2023-06-03 17:32:34'),
 (95,107,'Wednesday05:32',44,28,'2023-06-03 17:32:34','2023-06-03 17:32:34'),
 (96,104,'Monday23:12',47,28,'2023-06-03 17:32:34','2023-06-03 17:32:34'),
 (97,106,'Sunday20:52',45,28,'2023-06-03 17:32:34','2023-06-03 17:32:34'),
 (98,106,'Sunday23:55',43,28,'2023-06-03 17:32:34','2023-06-03 17:32:34'),
 (99,107,'Friday21:40',51,29,'2023-06-03 17:32:34','2023-06-03 17:32:34'),
 (100,101,'Thursday16:19',59,29,'2023-06-03 17:32:34','2023-06-03 17:32:34'),
 (101,105,'Wednesday20:11',52,29,'2023-06-03 17:32:34','2023-06-03 17:32:34'),
 (102,107,'Sunday05:31',56,30,'2023-06-03 17:32:34','2023-06-03 17:32:34'),
 (103,101,'Tuesday10:44',51,30,'2023-06-03 17:32:34','2023-06-03 17:32:34'),
 (104,107,'Friday20:21',58,30,'2023-06-03 17:32:34','2023-06-03 17:32:34'),
 (105,101,'Sunday17:59',56,30,'2023-06-03 17:32:34','2023-06-03 17:32:34'),
 (106,104,'Tuesday20:05',60,31,'2023-06-03 17:32:34','2023-06-03 17:32:34'),
 (107,104,'Sunday19:28',58,31,'2023-06-03 17:32:34','2023-06-03 17:32:34'),
 (108,108,'Friday03:44',60,31,'2023-06-03 17:32:34','2023-06-03 17:32:34'),
 (109,104,'Tuesday10:55',53,31,'2023-06-03 17:32:34','2023-06-03 17:32:34'),
 (110,102,'Saturday09:23',55,32,'2023-06-03 17:32:34','2023-06-03 17:32:34'),
 (111,105,'Thursday17:00',56,32,'2023-06-03 17:32:34','2023-06-03 17:32:34'),
 (112,107,'Sunday19:35',56,32,'2023-06-03 17:32:34','2023-06-03 17:32:34'),
 (113,100,'Thursday18:13',60,32,'2023-06-03 17:32:34','2023-06-03 17:32:34'),
 (114,102,'Monday14:32',57,32,'2023-06-03 17:32:34','2023-06-03 17:32:34'),
 (115,103,'Wednesday19:11',55,33,'2023-06-03 17:32:34','2023-06-03 17:32:34'),
 (116,103,'Thursday03:57',58,33,'2023-06-03 17:32:34','2023-06-03 17:32:34'),
 (117,105,'Thursday10:53',59,33,'2023-06-03 17:32:34','2023-06-03 17:32:34'),
 (118,106,'Thursday06:13',66,34,'2023-06-03 17:32:34','2023-06-03 17:32:34'),
 (119,106,'Saturday15:38',69,34,'2023-06-03 17:32:34','2023-06-03 17:32:34'),
 (120,103,'Tuesday11:12',70,34,'2023-06-03 17:32:34','2023-06-03 17:32:34'),
 (121,104,'Sunday17:32',66,34,'2023-06-03 17:32:34','2023-06-03 17:32:34'),
 (122,107,'Friday17:56',70,35,'2023-06-03 17:32:34','2023-06-03 17:32:34'),
 (123,109,'Thursday11:57',62,35,'2023-06-03 17:32:34','2023-06-03 17:32:34'),
 (124,100,'Wednesday12:05',61,35,'2023-06-03 17:32:34','2023-06-03 17:32:34'),
 (125,101,'Monday23:03',77,36,'2023-06-03 17:32:34','2023-06-03 17:32:34'),
 (126,106,'Monday22:04',75,36,'2023-06-03 17:32:34','2023-06-03 17:32:34'),
 (127,100,'Sunday04:22',79,36,'2023-06-03 17:32:34','2023-06-03 17:32:34'),
 (128,108,'Sunday08:05',78,36,'2023-06-03 17:32:34','2023-06-03 17:32:34'),
 (129,100,'Thursday07:53',80,37,'2023-06-03 17:32:34','2023-06-03 17:32:34'),
 (130,100,'Wednesday12:07',76,37,'2023-06-03 17:32:35','2023-06-03 17:32:35'),
 (131,109,'Monday04:48',77,37,'2023-06-03 17:32:35','2023-06-03 17:32:35'),
 (132,108,'Monday02:50',76,37,'2023-06-03 17:32:35','2023-06-03 17:32:35'),
 (133,103,'Monday13:41',78,37,'2023-06-03 17:32:35','2023-06-03 17:32:35'),
 (134,102,'Monday18:32',73,38,'2023-06-03 17:32:35','2023-06-03 17:32:35'),
 (135,105,'Monday16:41',72,38,'2023-06-03 17:32:35','2023-06-03 17:32:35'),
 (136,105,'Thursday16:23',80,38,'2023-06-03 17:32:35','2023-06-03 17:32:35'),
 (137,103,'Monday08:22',71,38,'2023-06-03 17:32:35','2023-06-03 17:32:35'),
 (138,100,'Monday04:44',74,39,'2023-06-03 17:32:35','2023-06-03 17:32:35'),
 (139,108,'Friday13:32',79,39,'2023-06-03 17:32:35','2023-06-03 17:32:35'),
 (140,103,'Monday01:27',80,39,'2023-06-03 17:32:35','2023-06-03 17:32:35'),
 (141,102,'Tuesday23:03',75,39,'2023-06-03 17:32:35','2023-06-03 17:32:35'),
 (142,108,'Friday03:09',72,39,'2023-06-03 17:32:35','2023-06-03 17:32:35'),
 (143,108,'Sunday16:14',76,40,'2023-06-03 17:32:35','2023-06-03 17:32:35'),
 (144,106,'Tuesday14:54',71,40,'2023-06-03 17:32:35','2023-06-03 17:32:35'),
 (145,108,'Thursday10:32',79,40,'2023-06-03 17:32:35','2023-06-03 17:32:35'),
 (146,107,'Monday06:40',72,40,'2023-06-03 17:32:35','2023-06-03 17:32:35'),
 (147,106,'Saturday20:01',90,41,'2023-06-03 17:32:35','2023-06-03 17:32:35'),
 (148,100,'Tuesday01:01',89,41,'2023-06-03 17:32:35','2023-06-03 17:32:35'),
 (149,103,'Friday21:19',88,41,'2023-06-03 17:32:35','2023-06-03 17:32:35'),
 (150,103,'Friday03:00',81,42,'2023-06-03 17:32:35','2023-06-03 17:32:35'),
 (151,105,'Tuesday06:49',81,42,'2023-06-03 17:32:35','2023-06-03 17:32:35'),
 (152,108,'Thursday15:11',86,42,'2023-06-03 17:32:35','2023-06-03 17:32:35'),
 (153,109,'Sunday19:23',89,42,'2023-06-03 17:32:35','2023-06-03 17:32:35'),
 (154,104,'Sunday11:10',81,42,'2023-06-03 17:32:35','2023-06-03 17:32:35'),
 (155,105,'Monday02:23',84,43,'2023-06-03 17:32:35','2023-06-03 17:32:35'),
 (156,106,'Monday07:58',81,43,'2023-06-03 17:32:35','2023-06-03 17:32:35'),
 (157,100,'Friday16:18',81,43,'2023-06-03 17:32:35','2023-06-03 17:32:35'),
 (158,100,'Saturday22:02',100,44,'2023-06-03 17:32:35','2023-06-03 17:32:35'),
 (159,105,'Friday08:52',94,44,'2023-06-03 17:32:35','2023-06-03 17:32:35'),
 (160,108,'Sunday20:21',91,44,'2023-06-03 17:32:35','2023-06-03 17:32:35'),
 (161,108,'Thursday23:32',99,44,'2023-06-03 17:32:35','2023-06-03 17:32:35'),
 (162,108,'Wednesday01:11',91,45,'2023-06-03 17:32:35','2023-06-03 17:32:35'),
 (163,106,'Wednesday19:27',96,45,'2023-06-03 17:32:35','2023-06-03 17:32:35'),
 (164,106,'Wednesday16:17',93,45,'2023-06-03 17:32:35','2023-06-03 17:32:35'),
 (165,107,'Saturday21:01',92,45,'2023-06-03 17:32:35','2023-06-03 17:32:35'),
 (166,102,'Sunday09:16',100,46,'2023-06-03 17:32:35','2023-06-03 17:32:35'),
 (167,107,'Thursday12:35',100,46,'2023-06-03 17:32:35','2023-06-03 17:32:35'),
 (168,102,'Thursday14:56',6,47,'2023-06-03 17:32:35','2023-06-03 17:32:35'),
 (169,100,'Tuesday13:57',7,47,'2023-06-03 17:32:35','2023-06-03 17:32:35'),
 (170,108,'Monday21:46',9,47,'2023-06-03 17:32:35','2023-06-03 17:32:35'),
 (171,104,'Monday09:06',9,47,'2023-06-03 17:32:35','2023-06-03 17:32:35'),
 (172,100,'Saturday17:35',17,48,'2023-06-03 17:32:35','2023-06-03 17:32:35'),
 (173,101,'Sunday22:44',15,48,'2023-06-03 17:32:35','2023-06-03 17:32:35'),
 (174,103,'Monday18:37',16,48,'2023-06-03 17:32:35','2023-06-03 17:32:35'),
 (175,102,'Thursday14:19',18,49,'2023-06-03 17:32:35','2023-06-03 17:32:35'),
 (176,105,'Thursday09:30',15,49,'2023-06-03 17:32:35','2023-06-03 17:32:35'),
 (177,103,'Tuesday23:39',12,49,'2023-06-03 17:32:35','2023-06-03 17:32:35'),
 (178,109,'Wednesday00:46',17,49,'2023-06-03 17:32:35','2023-06-03 17:32:35'),
 (179,103,'Monday19:57',21,50,'2023-06-03 17:32:35','2023-06-03 17:32:35'),
 (180,107,'Wednesday22:59',22,50,'2023-06-03 17:32:35','2023-06-03 17:32:35'),
 (181,104,'Sunday21:18',27,50,'2023-06-03 17:32:35','2023-06-03 17:32:35'),
 (182,102,'Friday12:44',21,51,'2023-06-03 17:32:35','2023-06-03 17:32:35'),
 (183,104,'Wednesday19:39',21,51,'2023-06-03 17:32:35','2023-06-03 17:32:35'),
 (184,103,'Friday09:50',29,51,'2023-06-03 17:32:35','2023-06-03 17:32:35'),
 (185,109,'Thursday19:36',24,51,'2023-06-03 17:32:35','2023-06-03 17:32:35'),
 (186,102,'Sunday17:11',24,52,'2023-06-03 17:32:35','2023-06-03 17:32:35'),
 (187,109,'Tuesday03:33',25,52,'2023-06-03 17:32:35','2023-06-03 17:32:35'),
 (188,100,'Tuesday00:23',23,52,'2023-06-03 17:32:35','2023-06-03 17:32:35'),
 (189,103,'Sunday06:57',33,53,'2023-06-03 17:32:35','2023-06-03 17:32:35'),
 (190,101,'Friday16:31',33,53,'2023-06-03 17:32:35','2023-06-03 17:32:35'),
 (191,104,'Saturday05:19',38,54,'2023-06-03 17:32:35','2023-06-03 17:32:35'),
 (192,108,'Friday08:43',31,54,'2023-06-03 17:32:35','2023-06-03 17:32:35'),
 (193,105,'Thursday08:29',35,55,'2023-06-03 17:32:35','2023-06-03 17:32:35'),
 (194,106,'Sunday00:30',40,55,'2023-06-03 17:32:35','2023-06-03 17:32:35'),
 (195,102,'Monday19:46',32,55,'2023-06-03 17:32:35','2023-06-03 17:32:35'),
 (196,105,'Monday19:13',48,56,'2023-06-03 17:32:35','2023-06-03 17:32:35'),
 (197,109,'Tuesday05:56',46,56,'2023-06-03 17:32:35','2023-06-03 17:32:35'),
 (198,109,'Thursday11:05',41,57,'2023-06-03 17:32:35','2023-06-03 17:32:35'),
 (199,106,'Saturday17:15',41,57,'2023-06-03 17:32:35','2023-06-03 17:32:35'),
 (200,101,'Friday08:47',56,58,'2023-06-03 17:32:35','2023-06-03 17:32:35'),
 (201,107,'Sunday07:08',53,58,'2023-06-03 17:32:35','2023-06-03 17:32:35'),
 (202,109,'Tuesday10:35',60,58,'2023-06-03 17:32:35','2023-06-03 17:32:35'),
 (203,100,'Friday03:00',57,58,'2023-06-03 17:32:35','2023-06-03 17:32:35'),
 (204,105,'Tuesday12:24',64,59,'2023-06-03 17:32:35','2023-06-03 17:32:35'),
 (205,104,'Saturday18:40',70,59,'2023-06-03 17:32:35','2023-06-03 17:32:35'),
 (206,102,'Thursday13:21',76,60,'2023-06-03 17:32:35','2023-06-03 17:32:35'),
 (207,100,'Saturday13:54',74,60,'2023-06-03 17:32:35','2023-06-03 17:32:35'),
 (208,104,'Saturday11:33',74,60,'2023-06-03 17:32:35','2023-06-03 17:32:35'),
 (209,108,'Wednesday01:12',73,60,'2023-06-03 17:32:35','2023-06-03 17:32:35'),
 (210,103,'Tuesday17:58',72,61,'2023-06-03 17:32:35','2023-06-03 17:32:35'),
 (211,108,'Wednesday08:02',79,61,'2023-06-03 17:32:35','2023-06-03 17:32:35'),
 (212,103,'Tuesday20:07',80,61,'2023-06-03 17:32:35','2023-06-03 17:32:35'),
 (213,108,'Tuesday05:34',72,61,'2023-06-03 17:32:35','2023-06-03 17:32:35'),
 (214,105,'Thursday10:11',90,62,'2023-06-03 17:32:35','2023-06-03 17:32:35'),
 (215,106,'Friday14:51',89,62,'2023-06-03 17:32:35','2023-06-03 17:32:35'),
 (216,105,'Wednesday07:39',82,62,'2023-06-03 17:32:35','2023-06-03 17:32:35'),
 (217,108,'Saturday16:05',85,62,'2023-06-03 17:32:35','2023-06-03 17:32:35'),
 (218,105,'Monday12:17',82,62,'2023-06-03 17:32:35','2023-06-03 17:32:35'),
 (219,101,'Friday18:14',95,63,'2023-06-03 17:32:35','2023-06-03 17:32:35'),
 (220,106,'Sunday09:42',91,63,'2023-06-03 17:32:35','2023-06-03 17:32:35'),
 (221,105,'Wednesday21:13',98,63,'2023-06-03 17:32:35','2023-06-03 17:32:35');
INSERT INTO "parameters" ("id","parent_id","wording","description","uuid","helpers","value","created_at","updated_at") VALUES
 (1,NULL,'Faire un component','Encore','abc','def',10,'2023-07-19 18:50:02','2023-07-19 18:50:02'),
 (2,NULL,'Faire un autre component','Encore','abc','def',10,'2023-07-19 18:50:50','2023-07-19 18:50:50');
INSERT INTO "evaluations" ("id","title","description","course_id","teacher_id","parameter_id","created_at","updated_at") VALUES
 (2,'Projet Component','Faire un component',1,1,1,'2023-07-19 18:56:09','2023-07-19 18:56:09');
COMMIT;
